username,password,studentID,firstname,lastname,gender(0-male/1-female),DateofBirth(mm/dd/yyyy),socialID,CLASS
21140014,an562@KHTN,21140014,Huynh Dinh Gia,An,0,11/18/2002,75304018562,21CLC1
21140018,anh563@KHTN,21140018,Quan Vu Hoang,Anh,0,01/01/2002,75304018563,21CLC1
21140019,anh564@KHTN,21140019,Nguyen Truong Ngoc,Anh,1,09/07/2003,75304018564,21CLC1
21140021,binh565@KHTN,21140021,Nguyen Thuc Luong,Binh,0,12/19/2003,75304018565,21CLC1
21140023,cong566@KHTN,21140023,Nguyen Thanh,Cong,0,04/03/2001,75304018566,21CLC1
21140024,danh567@KHTN,21140024,Do Thanh,Danh,0,02/04/2002,75304018567,21CLC1
21140027,dong568@KHTN,21140027,Dam Chanh,Dong,1,04/22/2003,75304018568,21CLC1
21140032,giau569@KHTN,21140032,Cung Kim,Giau,0,07/22/2001,75304018569,21CLC1
21140033,ha570@KHTN,21140033,Nguyen Thi Thu,Ha,1,09/02/2001,75304018570,21CLC1
21140039,hoa571@KHTN,21140039,Pham Thanh,Hoa,0,02/19/2002,75304018571,21CLC1
21140044,hung572@KHTN,21140044,Phan Tan,Hung,0,05/05/2002,75304018572,21CLC1
21140046,huy573@KHTN,21140046,Nguyen Thi Kim,Huy,1,12/13/2003,75304018573,21CLC1
21140052,lam574@KHTN,21140052,Tran Mai,Lam,1,10/26/2002,75304018574,21CLC1
21140055,linh575@KHTN,21140055,Nguyen Ngoc Phuong,Linh,0,05/19/2001,75304018575,21CLC1
21140059,ly576@KHTN,21140059,Nguyen Thi Truc,Ly,0,07/18/2002,75304018576,21CLC1
21140060,anh577@KHTN,21140060,Vu Thi Mai,Anh,0,04/21/2002,75304018577,21CLC1
21140065,my578@KHTN,21140065,Tran Le Ha,My,0,11/06/2001,75304018578,21CLC1
21140067,ngan579@KHTN,21140067,Du Long,Ngan,1,08/02/2003,75304018579,21CLC1
21140069,ngan580@KHTN,21140069,Tran Ngoc Kim,Ngan,0,04/12/2003,75304018580,21CLC1
21140073,nguyen581@KHTN,21140073,Do Ky,Nguyen,0,11/11/2002,75304018581,21CLC1
21140081,nhu582@KHTN,21140081,Do Tam,Nhu,1,09/14/2001,75304018582,21CLC1
21140083,nhu583@KHTN,21140083,Pham Ngoc To,Nhu,1,06/22/2002,75304018583,21CLC1
21140084,nhu584@KHTN,21140084,Pham Thuy,Nhu,0,04/16/2001,75304018584,21CLC1
21140091,phuong585@KHTN,21140091,Dao Le Uyen,Phuong,0,10/07/2002,75304018585,21CLC1
21140094,qui586@KHTN,21140094,Pham Thi Nhu,Qui,0,02/11/2001,75304018586,21CLC1
21140097,quynh587@KHTN,21140097,Le Diem,Quynh,0,07/11/2001,75304018587,21CLC1
21140105,thao588@KHTN,21140105,Pham Kim,Thao,0,01/19/2003,75304018588,21CLC1
21140106,thao589@KHTN,21140106,Pham Thanh,Thao,1,07/04/2002,75304018589,21CLC1
21140107,thao590@KHTN,21140107,Vu Thanh,Thao,0,12/26/2002,75304018590,21CLC1
21140110,thien591@KHTN,21140110,Nguyen Phuc,Thien,1,07/02/2001,75304018591,21CLC1
21140111,tai592@KHTN,21140111,Tran Vuong Thien,Tai,1,07/21/2002,75304018592,21CLC1
21140112,thong593@KHTN,21140112,Sy Huu,Thong,1,06/11/2002,75304018593,21CLC1
21140113,thu594@KHTN,21140113,Nguyen Ngoc Minh,Thu,0,07/23/2002,75304018594,21CLC1
21140116,thy595@KHTN,21140116,Nguyen Dinh Uyen,Thy,0,11/14/2003,75304018595,21CLC1
21140124,truc596@KHTN,21140124,Phan Nguyen Thanh,Truc,1,08/15/2002,75304018596,21CLC1
21140129,tuyet597@KHTN,21140129,Nguyen Doanh Xuan,Tuyet,1,06/02/2003,75304018597,21CLC1
21140130,uyen598@KHTN,21140130,Vo Hoang Phuong,Uyen,1,11/05/2001,75304018598,21CLC1
21140134,vy599@KHTN,21140134,Pham Vo Thuy,Vy,0,10/24/2003,75304018599,21CLC1
21140135,xuyen600@KHTN,21140135,Ha My,Xuyen,0,04/16/2001,75304018600,21CLC1
21140137,yen601@KHTN,21140137,Tran Pham Hoang,Yen,1,09/11/2003,75304018601,21CLC1
21140140,thu602@KHTN,21140140,Trinh Tran Anh,Thu,0,06/10/2002,75304018602,21CLC1
21140142,an603@KHTN,21140142,Vu Le,An,0,03/09/2002,75304018603,21CLC1
21140143,anh604@KHTN,21140143,Le Quynh,Anh,1,04/06/2001,75304018604,21CLC1
21140146,anh605@KHTN,21140146,Nguyen Vy,Anh,1,04/16/2002,75304018605,21CLC1
21140155,binh606@KHTN,21140155,Mac Quang,Binh,0,11/28/2001,75304018606,21CLC1
21140163,dat607@KHTN,21140163,Tran Minh,Dat,0,12/21/2002,75304018607,21CLC1
21140167,dung608@KHTN,21140167,Truong My,Dung,1,08/18/2002,75304018608,21CLC1
21140178,giang609@KHTN,21140178,Pham Thi Truc,Giang,0,12/05/2001,75304018609,21CLC1
21140181,han610@KHTN,21140181,Nguyen Huynh Bao,Han,0,04/05/2001,75304018610,21CLC1
21140182,hanh611@KHTN,21140182,Ta Le Ngoc,Hanh,0,06/19/2001,75304018611,21CLC1
123456,Hop789@KHTN,123456,Le Quang,Hop,1,03/11/1999,123456789,21CLC1
21140183,hao612@KHTN,21140183,Huynh Ngoc,Hao,0,12/19/2002,75304018612,21CLC1
21140195,kha613@KHTN,21140195,Lam Vy,Kha,1,11/20/2003,75304018613,21CLC2
21140200,khoa614@KHTN,21140200,Le Nguyen Yen,Khoa,1,05/25/2003,75304018614,21CLC2
21140210,linh615@KHTN,21140210,Truong Tran Ngoc,Linh,0,11/13/2002,75304018615,21CLC2
21140212,long616@KHTN,21140212,Dinh Nam,Long,0,08/10/2003,75304018616,21CLC2
21140213,long617@KHTN,21140213,Tran Huynh,Long,1,06/20/2002,75304018617,21CLC2
21140216,minh618@KHTN,21140216,Le Dang,Minh,1,10/17/2003,75304018618,21CLC2
21140217,minh619@KHTN,21140217,Nguyen Gia,Minh,0,02/05/2002,75304018619,21CLC2
21140220,ngan620@KHTN,21140220,Pham Thanh,Ngan,1,04/05/2003,75304018620,21CLC2
21140225,nghia621@KHTN,21140225,Vo Duc Trong,Nghia,1,10/21/2003,75304018621,21CLC2
21140226,ngoc622@KHTN,21140226,Dang Huynh Kim,Ngoc,1,07/26/2001,75304018622,21CLC2
21140227,nguyen623@KHTN,21140227,Chiem Gia,Nguyen,1,10/25/2002,75304018623,21CLC2
21140233,nhan624@KHTN,21140233,Le Duc,Nhan,1,01/08/2001,75304018624,21CLC2
21140236,nhi625@KHTN,21140236,Mai Thi Yen,Nhi,1,08/23/2001,75304018625,21CLC2
21140245,oanh626@KHTN,21140245,Le Ngoc,Oanh,0,07/01/2003,75304018626,21CLC2
21140248,phuc627@KHTN,21140248,Le Truong,Phuc,1,01/27/2002,75304018627,21CLC2
21140252,quang628@KHTN,21140252,Tran Minh,Quang,1,01/01/2001,75304018628,21CLC2
21140254,quynh629@KHTN,21140254,Dao Duc Thuy,Quynh,1,07/25/2003,75304018629,21CLC2
21140257,quynh630@KHTN,21140257,Tran Duc,Quynh,1,10/04/2001,75304018630,21CLC2
21140258,quynh631@KHTN,21140258,Tran Phuong,Quynh,1,01/15/2002,75304018631,21CLC2
21140261,tam632@KHTN,21140261,Le Nguyen My,Tam,0,12/04/2003,75304018632,21CLC2
21140265,thanh633@KHTN,21140265,Huynh Thi Thuy,Thanh,0,08/24/2003,75304018633,21CLC2
21140266,thanh634@KHTN,21140266,Phan Thi Thu,Thanh,1,12/01/2002,75304018634,21CLC2
21140272,thao635@KHTN,21140272,Nguyen Phuong,Thao,0,07/17/2003,75304018635,21CLC2
21140273,thao636@KHTN,21140273,Nguyen Thi Phuong,Thao,1,07/12/2002,75304018636,21CLC2
21140276,thong637@KHTN,21140276,Huynh Le Ngoc,Thong,1,10/15/2002,75304018637,21CLC2
21140277,thu638@KHTN,21140277,Nguyen Thiet Minh,Thu,1,04/18/2001,75304018638,21CLC2
21140278,thu639@KHTN,21140278,Nguyen Tran Minh,Thu,0,04/12/2002,75304018639,21CLC2
21140282,thuy640@KHTN,21140282,Lai Le Nhu,Thuy,0,01/18/2003,75304018640,21CLC2
21140290,truc641@KHTN,21140290,Nguyen Thi Chanh,Truc,0,07/05/2001,75304018641,21CLC2
21140294,tuyen642@KHTN,21140294,Nguyen Thi Thanh,Tuyen,1,08/23/2002,75304018642,21CLC2
21140300,vy643@KHTN,21140300,Diep Thi Thuy,Vy,0,12/03/2002,75304018643,21CLC2
21140302,vy644@KHTN,21140302,Hoang Dieu Thao,Vy,0,05/11/2001,75304018644,21CLC2
21140306,y645@KHTN,21140306,Huynh Nhu,Y,1,02/17/2002,75304018645,21CLC2
21140312,bao646@KHTN,21140312,Vuong Gia,Bao,1,06/15/2003,75304018646,21CLC2
21140319,an647@KHTN,21140319,Nguyen Thi Quynh,An,1,11/12/2002,75304018647,21CLC2
21140321,anh648@KHTN,21140321,Do Hoai My,Anh,0,01/16/2001,75304018648,21CLC2
21140322,anh649@KHTN,21140322,Nguyen Duc,Anh,0,06/15/2001,75304018649,21CLC2
21140323,anh650@KHTN,21140323,Nguyen Thi Minh,Anh,1,08/05/2003,75304018650,21CLC2
21140326,ban651@KHTN,21140326,Tran,Ban,0,12/20/2003,75304018651,21CLC2
21140327,bao652@KHTN,21140327,Pham Thien,Bao,0,11/06/2003,75304018652,21CLC2
21140329,binh653@KHTN,21140329,Nguyen Duong An,Binh,0,06/17/2001,75304018653,21CLC2
21140330,chau654@KHTN,21140330,Nguyen Ngoc Minh,Chau,0,04/09/2003,75304018654,21CLC2
21140331,chi655@KHTN,21140331,Bui Phuoc,Chi,0,10/25/2001,75304018655,21CLC2
21140332,cung656@KHTN,21140332,Duong,Cung,1,11/28/2002,75304018656,21CLC2
21140333,cuong657@KHTN,21140333,Nguyen Nhat,Cuong,0,08/08/2002,75304018657,21CLC2
21140334,cuong658@KHTN,21140334,Trinh Manh,Cuong,0,12/12/2001,75304018658,21CLC2
21140336,dat659@KHTN,21140336,Nguyen Huu,Dat,0,03/24/2001,75304018659,21CLC2
21140357,huy660@KHTN,21140357,Dang Tran Quang,Huy,0,02/28/2003,75304018660,21CLC2
21140358,huy661@KHTN,21140358,Huynh Nhat,Huy,0,08/10/2002,75304018661,21CLC2
21140359,huy662@KHTN,21140359,Tran Van,Huy,1,02/22/2002,75304018662,21CLC2
21140360,huyen663@KHTN,21140360,Do Van,Huyen,1,01/25/2002,75304018663,21CLC2
21140361,huyen664@KHTN,21140361,Nguyen Khanh,Huyen,0,08/15/2002,75304018664,21CLC2
21140362,huyen665@KHTN,21140362,Nguyen Le Minh,Huyen,0,06/09/2003,75304018665,21CLC2
21140363,huyen666@KHTN,21140363,Vu Le Dieu,Huyen,0,10/22/2003,75304018666,21CLC2
21140364,hy667@KHTN,21140364,Dao Hoang Bach,Hy,0,06/03/2003,75304018667,21CLC2
21140365,khang668@KHTN,21140365,Le Nguyen Bao,Khang,0,01/04/2002,75304018668,21CLC2
21140368,lan669@KHTN,21140368,Nguyen Ngoc Quynh,Lan,0,07/25/2002,75304018669,21CLC2
21140369,linh670@KHTN,21140369,Cao Tu,Linh,1,09/08/2003,75304018670,21CLC2
21140371,linh671@KHTN,21140371,Tran Phuong,Linh,0,05/13/2001,75304018671,21CLC2
21140372,linh672@KHTN,21140372,Tran Thi Tu,Linh,0,07/06/2003,75304018672,21CLC2
21140373,loan673@KHTN,21140373,Thai Thi Cam,Loan,0,11/14/2002,75304018673,21CLC2
21140374,long674@KHTN,21140374,Ly Hoang,Long,0,07/08/2002,75304018674,21CLC3
21140375,minh675@KHTN,21140375,Tran Giang Duc,Minh,1,10/27/2002,75304018675,21CLC3
21140377,ngan676@KHTN,21140377,Bui Thi Thanh,Ngan,0,11/07/2002,75304018676,21CLC3
21140378,ngan677@KHTN,21140378,Mai Thi Kim,Ngan,1,08/11/2002,75304018677,21CLC3
21140380,ngan678@KHTN,21140380,Nguyen Ngoc Kim,Ngan,0,12/10/2003,75304018678,21CLC3
21140381,ngan679@KHTN,21140381,Nguyen Thoai,Ngan,0,08/07/2002,75304018679,21CLC3
21140384,ngoc680@KHTN,21140384,Do Le Bao,Ngoc,1,11/24/2003,75304018680,21CLC3
21140385,ngoc681@KHTN,21140385,Luong Nhu,Ngoc,0,11/16/2002,75304018681,21CLC3
21140387,nhan682@KHTN,21140387,Tran Dong Trung,Nhan,1,05/16/2001,75304018682,21CLC3
21140388,nhi683@KHTN,21140388,Bui Phuong,Nhi,0,10/16/2003,75304018683,21CLC3
21140389,nhi684@KHTN,21140389,Nguyen Thi Truc,Nhi,0,09/26/2002,75304018684,21CLC3
21140393,nhu685@KHTN,21140393,Nguyen Thi Huynh,Nhu,1,08/27/2003,75304018685,21CLC3
21140394,oanh686@KHTN,21140394,Le Hoang,Oanh,1,06/18/2003,75304018686,21CLC3
21140395,oanh687@KHTN,21140395,Nguyen Mai Hoang,Oanh,1,03/03/2002,75304018687,21CLC3
21140396,phong688@KHTN,21140396,Phan The,Phong,1,10/01/2002,75304018688,21CLC3
21140397,phu689@KHTN,21140397,Tran Van,Phu,0,12/25/2002,75304018689,21CLC3
21140399,phung690@KHTN,21140399,Huynh Phuong Song,Phung,0,11/07/2001,75304018690,21CLC3
21140400,phuoc691@KHTN,21140400,Trieu My,Phuoc,0,07/02/2002,75304018691,21CLC3
21140401,phuong692@KHTN,21140401,Nguyen Lan,Phuong,1,05/22/2001,75304018692,21CLC3
21140403,quan693@KHTN,21140403,Tran Minh,Quan,1,03/27/2002,75304018693,21CLC3
21140404,qui694@KHTN,21140404,Pham Luc Phu,Qui,1,07/02/2002,75304018694,21CLC3
21140405,quynh695@KHTN,21140405,Nguyen Thi Nhu,Quynh,1,08/24/2002,75304018695,21CLC3
21140406,sang696@KHTN,21140406,Pham Ba Minh,Sang,1,06/08/2002,75304018696,21CLC3
21140408,tam697@KHTN,21140408,Tran Nguyen Tue,Tam,0,11/11/2001,75304018697,21CLC3
21140409,thang698@KHTN,21140409,Phan Duy,Thang,0,11/20/2003,75304018698,21CLC3
21140410,thanh699@KHTN,21140410,Pham Tran Thien,Thanh,1,06/12/2002,75304018699,21CLC3
21140411,thao700@KHTN,21140411,Tran Xuan,Thao,1,02/23/2001,75304018700,21CLC3
21140412,thao701@KHTN,21140412,Hoang Thi Thu,Thao,0,01/17/2001,75304018701,21CLC3
21140413,thao702@KHTN,21140413,Nguyen Phuong,Thao,1,10/17/2001,75304018702,21CLC3
21147008,khang703@KHTN,21147008,Huynh Tran Tuan,Khang,1,05/26/2001,75304018703,21CLC3
21147010,kim704@KHTN,21147010,Nguyen Ngoc Thien,Kim,0,07/24/2003,75304018704,21CLC3
21147013,minh705@KHTN,21147013,Hang Thuy Van,Minh,0,11/21/2001,75304018705,21CLC3
21147017,nha706@KHTN,21147017,Phan Nguyen Thanh,Nha,0,07/24/2003,75304018706,21CLC3
21147020,phung707@KHTN,21147020,Ly The,Phung,1,01/06/2002,75304018707,21CLC3
21147025,vy708@KHTN,21147025,Nguyen Duong Thao,Vy,0,11/20/2001,75304018708,21CLC3
21147027,anh709@KHTN,21147027,Doan Vo Nhat,Anh,0,05/23/2002,75304018709,21CLC3
21147029,anh710@KHTN,21147029,Tran Ngoc,Anh,0,05/28/2001,75304018710,21CLC3
21147033,cong711@KHTN,21147033,Bui Thanh,Cong,1,09/19/2001,75304018711,21CLC3
21147036,dong712@KHTN,21147036,Nguyen Dat,Dong,0,02/22/2002,75304018712,21CLC3
21147038,duong713@KHTN,21147038,Vo Thuy,Duong,0,01/06/2002,75304018713,21CLC3
21147045,hau714@KHTN,21147045,Nguyen Tien,Hau,0,11/11/2003,75304018714,21CLC3
21147049,khanh715@KHTN,21147049,Nguyen Gia,Khanh,0,10/15/2002,75304018715,21CLC3
21147051,kiet716@KHTN,21147051,Hoang Tuan,Kiet,0,03/10/2003,75304018716,21CLC3
21147052,linh717@KHTN,21147052,Hua Man,Linh,0,08/11/2001,75304018717,21CLC3
21147056,minh718@KHTN,21147056,Vo Nguyen Nhat,Minh,0,03/24/2003,75304018718,21CLC3
21147060,nguyen719@KHTN,21147060,Truong Tri,Nguyen,0,07/19/2002,75304018719,21CLC3
21147065,nhu720@KHTN,21147065,Dinh Huynh,Nhu,1,01/17/2001,75304018720,21CLC3
21147066,nhu721@KHTN,21147066,Nguyen Dao Quynh,Nhu,1,10/22/2003,75304018721,21CLC3
21147074,phuoc722@KHTN,21147074,Pham Thanh,Phuoc,0,09/25/2002,75304018722,21CLC3
21147079,thao723@KHTN,21147079,Nguyen Ngoc Nhat,Thao,1,01/20/2003,75304018723,21CLC3
21147080,thao724@KHTN,21147080,Vo Thi Thanh,Thao,1,08/24/2003,75304018724,21CLC3
21147083,thien725@KHTN,21147083,Tran Van,Thien,1,08/17/2002,75304018725,21CLC3
21147084,thu726@KHTN,21147084,Nguyen Dinh Minh,Thu,0,06/24/2003,75304018726,21CLC3
21147089,trang727@KHTN,21147089,Nguyen Ngoc Minh,Trang,1,05/24/2003,75304018727,21CLC3
21147090,trang728@KHTN,21147090,Vo Nguyen Nguyen,Trang,1,06/22/2001,75304018728,21CLC3
21147093,uyen729@KHTN,21147093,Cao Trinh Phuong,Uyen,1,03/19/2001,75304018729,21CLC3
21147094,vy730@KHTN,21147094,Nguyen Hoang Khanh,Vy,1,11/02/2002,75304018730,21CLC3
21147104,ngan731@KHTN,21147104,Nguyen Hoang Bao,Ngan,0,09/24/2001,75304018731,21CLC3
21147106,an732@KHTN,21147106,Nguyen Thanh,An,1,01/11/2001,75304018732,21CLC3
21147108,anh733@KHTN,21147108,Dao Hai,Anh,0,08/19/2003,75304018733,21CLC3
21147109,anh734@KHTN,21147109,Mai Phuong,Anh,1,02/18/2001,75304018734,21CLC3
21147110,bach735@KHTN,21147110,Phan Hoang,Bach,0,12/07/2003,75304018735,21CLC3
21147111,chau736@KHTN,21147111,Nguyen Thuy To,Chau,1,03/09/2001,75304018736,21CLC3
21147112,chi737@KHTN,21147112,Nguyen My,Chi,1,01/05/2002,75304018737,21CLC3
21147113,dat738@KHTN,21147113,Duong Quoc,Dat,0,06/14/2002,75304018738,21CLC3
21147114,diem739@KHTN,21147114,Tran Ngoc Kieu,Diem,0,06/26/2003,75304018739,21CLC3
21147115,dinh740@KHTN,21147115,Thai Moc Quy,Dinh,1,08/26/2003,75304018740,21CLC3
21147116,doan741@KHTN,21147116,Tran Hoang Khanh,Doan,1,08/24/2001,75304018741,21CLC3
21147117,duong742@KHTN,21147117,Le Duc,Duong,1,10/22/2002,75304018742,21CLC3
21147118,duy743@KHTN,21147118,Vu Quang,Duy,0,09/15/2003,75304018743,21CLC4
21147120,han744@KHTN,21147120,Phan Nguyen Ngoc,Han,0,02/24/2001,75304018744,21CLC4
21147121,hang745@KHTN,21147121,Dang Thi Thuy,Hang,0,01/24/2001,75304018745,21CLC4
21147122,hang746@KHTN,21147122,Le Minh,Hang,0,06/09/2001,75304018746,21CLC4
21147123,hieu747@KHTN,21147123,Do Chi,Hieu,0,01/04/2001,75304018747,21CLC4
21147124,huy748@KHTN,21147124,Do Ngoc,Huy,0,03/13/2003,75304018748,21CLC4
21147126,huy749@KHTN,21147126,Truong Huu,Huy,0,01/17/2001,75304018749,21CLC4
21147127,huynh750@KHTN,21147127,Pham,Huynh,1,08/09/2002,75304018750,21CLC4
21147128,khang751@KHTN,21147128,Huynh Huy,Khang,1,12/04/2003,75304018751,21CLC4
21147129,khanh752@KHTN,21147129,Pham Nguyen Huong,Khanh,1,09/26/2002,75304018752,21CLC4
21147130,khanh753@KHTN,21147130,Tran Hong,Khanh,0,09/21/2002,75304018753,21CLC4
21147131,lam754@KHTN,21147131,Tran Quoc,Lam,1,05/18/2003,75304018754,21CLC4
21147132,linh755@KHTN,21147132,Diep Gia,Linh,0,01/09/2003,75304018755,21CLC4
21147133,linh756@KHTN,21147133,Huynh Gia,Linh,1,12/15/2001,75304018756,21CLC4
21147134,linh757@KHTN,21147134,Tong Khanh,Linh,0,12/10/2002,75304018757,21CLC4
21147136,mai758@KHTN,21147136,Nguyen Hoang Xuan,Mai,1,12/27/2002,75304018758,21CLC4
21147137,mai759@KHTN,21147137,Nguyen Huynh,Mai,0,12/16/2003,75304018759,21CLC4
21147138,mai760@KHTN,21147138,Nguyen Ngoc Xuan,Mai,0,11/12/2001,75304018760,21CLC4
21147139,minh761@KHTN,21147139,Dao Bao,Minh,1,09/05/2003,75304018761,21CLC4
21147140,my762@KHTN,21147140,Pham Thi Tra,My,1,07/15/2002,75304018762,21CLC4
21147141,nga763@KHTN,21147141,Nguyen Mai Ngoc,Nga,1,11/14/2001,75304018763,21CLC4
21147142,ngan764@KHTN,21147142,Nguyen Thi Kim,Ngan,1,11/05/2001,75304018764,21CLC4
21147143,ngao765@KHTN,21147143,Nguyen Van,Ngao,1,06/20/2001,75304018765,21CLC4
21147144,ngoc766@KHTN,21147144,Pham Hong,Ngoc,1,01/27/2001,75304018766,21CLC4
21147145,nhat767@KHTN,21147145,Luong Minh,Nhat,1,04/08/2001,75304018767,21CLC4
21147146,nhat768@KHTN,21147146,Pham Minh,Nhat,0,06/09/2002,75304018768,21CLC4
21147147,nhi769@KHTN,21147147,Le Nhat Yen,Nhi,0,02/26/2003,75304018769,21CLC4
21147148,nhi770@KHTN,21147148,Pham Thi Thanh,Nhi,1,08/11/2003,75304018770,21CLC4
21147149,nhi771@KHTN,21147149,Tran Minh Tuyet,Nhi,1,07/08/2003,75304018771,21CLC4
21147150,nhi772@KHTN,21147150,Tran Nguyen Yen,Nhi,1,09/15/2003,75304018772,21CLC4
21147151,nhu773@KHTN,21147151,Huynh Nguyen Thanh,Nhu,0,01/19/2002,75304018773,21CLC4
21147152,nhu774@KHTN,21147152,Nguyen Phan Quynh,Nhu,0,02/04/2003,75304018774,21CLC4
21147153,nhu775@KHTN,21147153,Ton Nguyen Phuong,Nhu,0,08/22/2002,75304018775,21CLC4
21147155,phuc776@KHTN,21147155,Le Huu,Phuc,1,11/02/2003,75304018776,21CLC4
21147156,phuc777@KHTN,21147156,Le Huynh,Phuc,0,01/21/2002,75304018777,21CLC4
21147157,phuong778@KHTN,21147157,Huynh Ai,Phuong,0,10/22/2003,75304018778,21CLC4
21147158,quan779@KHTN,21147158,Nguyen Dinh,Quan,1,09/28/2002,75304018779,21CLC4
21147161,thang780@KHTN,21147161,Nguyen Trong,Thang,0,08/02/2001,75304018780,21CLC4
21147162,thanh781@KHTN,21147162,Nguyen Xuan,Thanh,0,06/12/2003,75304018781,21CLC4
21147163,thao782@KHTN,21147163,Hoang Thi,Thao,1,05/14/2002,75304018782,21CLC4
21147164,thao783@KHTN,21147164,Le Nguyen Lan,Thao,0,01/05/2003,75304018783,21CLC4
21147165,thao784@KHTN,21147165,Trinh Phuong,Thao,0,06/15/2003,75304018784,21CLC4
21147166,thoa785@KHTN,21147166,Nguyen Thi Kim,Thoa,0,06/18/2003,75304018785,21CLC4
21147167,thu786@KHTN,21147167,Nguyen Minh,Thu,0,03/09/2002,75304018786,21CLC4
21147168,thuan787@KHTN,21147168,Doan Minh,Thuan,1,12/05/2002,75304018787,21CLC4
21147169,thy788@KHTN,21147169,Bui Mai,Thy,1,02/19/2001,75304018788,21CLC4
21147170,thy789@KHTN,21147170,Nguyen Anh,Thy,0,08/21/2001,75304018789,21CLC4
21147171,tran790@KHTN,21147171,Pham Doan Tu,Tran,1,06/25/2003,75304018790,21CLC4
21147172,tri791@KHTN,21147172,Nguyen Anh,Tri,1,11/11/2002,75304018791,21CLC4
21147173,trinh792@KHTN,21147173,Lam Pham Tuyet,Trinh,1,07/24/2002,75304018792,21CLC4
21147174,truc793@KHTN,21147174,Nguyen Thanh,Truc,1,03/22/2003,75304018793,21CLC4
21147175,trung794@KHTN,21147175,Vu Thanh,Trung,0,02/14/2001,75304018794,21CLC4
21147176,tu795@KHTN,21147176,Pham Ngoc Minh,Tu,0,02/28/2002,75304018795,21CLC4
21147177,vinh796@KHTN,21147177,Nguyen Bui Duc,Vinh,0,02/05/2001,75304018796,21CLC4
21147178,vy797@KHTN,21147178,Nguyen Phan Thao,Vy,0,06/16/2002,75304018797,21CLC4
21147181,vy798@KHTN,21147181,Le Trieu,Vy,0,07/02/2002,75304018798,21CLC4
21147182,y799@KHTN,21147182,Nguyen Dao Nhu,Y,1,01/08/2002,75304018799,21CLC4
21146036,duy800@KHTN,21146036,Nguyen Hoang,Duy,1,11/25/2002,75304018800,21CLC4
21146039,giang801@KHTN,21146039,Vu Le,Giang,1,10/14/2001,75304018801,21CLC4
21146040,hai802@KHTN,21146040,Ly Nhut,Hai,1,05/20/2002,75304018802,21CLC4
21146041,hang803@KHTN,21146041,Ngo Uyen,Hang,1,01/18/2001,75304018803,21CLC5
21146044,hue804@KHTN,21146044,Nguyen Thi Thanh,Hue,1,03/07/2001,75304018804,21CLC5
21146045,hung805@KHTN,21146045,Pham Thi Ngoc,Hung,0,11/17/2002,75304018805,21CLC5
21146048,huyen806@KHTN,21146048,Nguyen Thi Thanh,Huyen,0,12/07/2002,75304018806,21CLC5
21146049,khoa807@KHTN,21146049,Dinh Anh,Khoa,0,08/04/2001,75304018807,21CLC5
21146050,khue808@KHTN,21146050,Pham Lan Gia,Khue,1,08/14/2001,75304018808,21CLC5
21146051,ky809@KHTN,21146051,Phan Dang Hieu,Ky,1,02/09/2003,75304018809,21CLC5
21146052,lan810@KHTN,21146052,Nguyen Thi Tuyet,Lan,0,03/09/2001,75304018810,21CLC5
21146053,linh811@KHTN,21146053,Nguyen Khanh,Linh,1,09/03/2001,75304018811,21CLC5
21146054,linh812@KHTN,21146054,Nguyen Khanh,Linh,0,08/01/2001,75304018812,21CLC5
21146055,linh813@KHTN,21146055,Nguyen Phuc Giao,Linh,1,04/12/2002,75304018813,21CLC5
21146056,linh814@KHTN,21146056,Tran Vo Truc,Linh,1,04/05/2001,75304018814,21CLC5
21146057,long815@KHTN,21146057,Tran Nhat Minh,Long,0,02/13/2002,75304018815,21CLC5
21146060,nam816@KHTN,21146060,Nguyen Thanh,Nam,1,09/19/2001,75304018816,21CLC5
21146061,ngan817@KHTN,21146061,Thai Ngoc Minh,Ngan,0,08/15/2002,75304018817,21CLC5
21146062,ngoc818@KHTN,21146062,Tran Bao,Ngoc,1,10/16/2003,75304018818,21CLC5
21146063,nguyen819@KHTN,21146063,Tran Hanh,Nguyen,1,10/25/2002,75304018819,21CLC5
21170016,giang820@KHTN,21170016,Do Nguyen Huong,Giang,0,06/23/2001,75304018820,21CLC5
21170048,thu821@KHTN,21170048,Pham Nguyen Anh,Thu,0,03/25/2002,75304018821,21CLC5
21170057,kha822@KHTN,21170057,Huynh Le Minh,Kha,0,09/03/2001,75304018822,21CLC5
21170058,nguyen823@KHTN,21170058,Nguyen Duc,Nguyen,0,02/08/2001,75304018823,21CLC5
21170059,an824@KHTN,21170059,Le Vo Hoang Thanh,An,0,10/18/2001,75304018824,21CLC5
21170061,anh825@KHTN,21170061,Nguy Van,Anh,1,01/23/2002,75304018825,21CLC5
21170062,anh826@KHTN,21170062,Nguyen Thi Lan,Anh,1,04/11/2002,75304018826,21CLC5
21170063,anh827@KHTN,21170063,Tran Thi Phuong,Anh,0,11/25/2002,75304018827,21CLC5
21170065,anh828@KHTN,21170065,Vo Quang,Anh,1,10/09/2003,75304018828,21CLC5
21170066,anh829@KHTN,21170066,Vu Que,Anh,1,06/20/2003,75304018829,21CLC5
21170067,bao830@KHTN,21170067,Nguyen Ngoc Hoai,Bao,1,03/18/2001,75304018830,21CLC5
21170069,chien831@KHTN,21170069,Le Minh,Chien,1,08/15/2001,75304018831,21CLC5
21170071,dang832@KHTN,21170071,Tran Anh Hai,Dang,0,04/23/2001,75304018832,21CLC5
21170074,dung833@KHTN,21170074,Pham Tuan,Dung,0,03/02/2001,75304018833,21CLC5
21170075,duong834@KHTN,21170075,Nguyen Thi Anh,Duong,1,10/24/2002,75304018834,21CLC5
21170076,duong835@KHTN,21170076,Tran Bach,Duong,0,08/03/2001,75304018835,21CLC5
21170078,duy836@KHTN,21170078,Ngo Vien Hoang,Duy,0,12/28/2002,75304018836,21CLC5
21170079,duy837@KHTN,21170079,Nguyen Duc,Duy,0,02/23/2001,75304018837,21CLC5
21170080,duy838@KHTN,21170080,Nguyen Thanh,Duy,0,08/02/2002,75304018838,21CLC5
21170081,duyen839@KHTN,21170081,Nguyen Thi My,Duyen,1,03/13/2003,75304018839,21CLC5
21170083,gia840@KHTN,21170083,Pham Hoang Phu,Gia,1,03/14/2003,75304018840,21CLC5
21170084,giang841@KHTN,21170084,Duong Thi Tra,Giang,1,11/25/2002,75304018841,21CLC5
21170085,han842@KHTN,21170085,Doan Thi Ngoc,Han,1,09/18/2002,75304018842,21CLC5
21170087,han843@KHTN,21170087,Ngo Vo Hong,Han,0,10/11/2002,75304018843,21CLC5
21170090,hao844@KHTN,21170090,Nguyen Anh,Hao,0,04/27/2002,75304018844,21CLC5
21170091,hau845@KHTN,21170091,Doan Cao Trung,Hau,1,11/15/2001,75304018845,21CLC5
21170094,hien846@KHTN,21170094,Ly Thi,Hien,0,12/19/2002,75304018846,21CLC5
21170095,hieu847@KHTN,21170095,Nguyen Nhu,Hieu,1,10/01/2002,75304018847,21CLC5
21170096,hoa848@KHTN,21170096,Tran Thi,Hoa,1,01/20/2002,75304018848,21CLC5
21170097,hoa849@KHTN,21170097,Tran Vu Mai,Hoa,1,06/20/2002,75304018849,21CLC5
21170098,hoa850@KHTN,21170098,Nguyen Thi An,Hoa,1,04/03/2002,75304018850,21CLC5
21170099,hoan851@KHTN,21170099,Dang Xuan,Hoan,1,04/22/2003,75304018851,21CLC5
21170100,hung852@KHTN,21170100,Lam Quang,Hung,1,01/21/2001,75304018852,21CLC5
21170101,hung853@KHTN,21170101,Huynh Long,Hung,0,03/28/2003,75304018853,21CLC5
21170103,khanh854@KHTN,21170103,Nguyen Van,Khanh,0,01/01/2001,75304018854,21CLC5
21170104,khanh855@KHTN,21170104,Pham Le Cong,Khanh,1,10/01/2001,75304018855,21CLC5
21170106,khoi856@KHTN,21170106,Le Hoang,Khoi,1,10/23/2001,75304018856,21CLC5
21170107,khoi857@KHTN,21170107,Nguyen Minh,Khoi,1,06/24/2001,75304018857,21CLC5
21170108,khoi858@KHTN,21170108,Nguyen Ngoc Ha,Khoi,1,05/13/2003,75304018858,21CLC5
21170110,kim859@KHTN,21170110,Phan Ngoc,Kim,1,03/22/2002,75304018859,21CLC5
21170113,linh860@KHTN,21170113,Nguyen Ai,Linh,1,09/16/2001,75304018860,21CLC5
21170115,linh861@KHTN,21170115,Tran Thanh Truc,Linh,1,10/13/2003,75304018861,21CLC5
21170116,loc862@KHTN,21170116,Nguyen Nhi,Loc,1,06/13/2001,75304018862,21CLC5
21170117,loi863@KHTN,21170117,Lam Uy,Loi,0,06/14/2002,75304018863,21CLC5
21170119,long864@KHTN,21170119,Tran Bao,Long,1,10/18/2001,75304018864,21CLC5
21170120,mai865@KHTN,21170120,Nguyen Huynh Ngoc,Mai,1,06/24/2003,75304018865,21CLC5
21170121,mai866@KHTN,21170121,Nguyen Ngoc,Mai,0,11/02/2001,75304018866,21CLC5
21170127,my867@KHTN,21170127,Pham Thi Thanh,My,1,02/21/2001,75304018867,21CLC5
21170128,nam868@KHTN,21170128,Le Tan,Nam,1,05/16/2001,75304018868,21CLC5
21170129,nga869@KHTN,21170129,Nguyen Quynh,Nga,0,07/26/2002,75304018869,21CLC5
21170130,ngan870@KHTN,21170130,Le Vo Bao,Ngan,0,09/17/2001,75304018870,21CLC5
21170131,ngan871@KHTN,21170131,Luong Tai,Ngan,1,09/11/2001,75304018871,21CLC6
21170133,ngan872@KHTN,21170133,Nguyen Thi Kim,Ngan,0,06/16/2001,75304018872,21CLC6
21170134,ngan873@KHTN,21170134,Phuong Thi Thao,Ngan,1,09/10/2001,75304018873,21CLC6
21170135,nghi874@KHTN,21170135,Nguyen Do Phuong,Nghi,0,10/08/2001,75304018874,21CLC6
21170136,ngoc875@KHTN,21170136,Le Hong,Ngoc,1,07/08/2003,75304018875,21CLC6
21170138,ngoc876@KHTN,21170138,Nguyen Dang Phuong,Ngoc,1,02/08/2003,75304018876,21CLC6
21170139,ngoc877@KHTN,21170139,Ong Thuy,Ngoc,0,01/19/2002,75304018877,21CLC6
21170140,ngoc878@KHTN,21170140,Tao My,Ngoc,1,05/10/2003,75304018878,21CLC6
21170141,nguyen879@KHTN,21170141,Pham Vo Nhu,Nguyen,1,07/16/2003,75304018879,21CLC6
21170142,nhan880@KHTN,21170142,Huynh Thanh,Nhan,1,05/04/2001,75304018880,21CLC6
21170143,nhan881@KHTN,21170143,Truong Nguyen Thanh,Nhan,0,10/18/2001,75304018881,21CLC6
21170144,nhi882@KHTN,21170144,Chau Man,Nhi,1,07/07/2002,75304018882,21CLC6
21170145,nhi883@KHTN,21170145,Doan Thi Tuyet,Nhi,1,02/18/2001,75304018883,21CLC6
21170146,nhi884@KHTN,21170146,Luong Ngoc Lan,Nhi,1,09/11/2001,75304018884,21CLC6
21170149,nhi885@KHTN,21170149,Vo Le Van,Nhi,1,09/17/2002,75304018885,21CLC6
21170150,nhu886@KHTN,21170150,Tran Huynh,Nhu,0,04/04/2002,75304018886,21CLC6
21170155,quang887@KHTN,21170155,Le Minh,Quang,1,02/01/2003,75304018887,21CLC6
21170156,quang888@KHTN,21170156,Do Dang,Quang,0,11/17/2001,75304018888,21CLC6
21170157,quy889@KHTN,21170157,Dang Thi Kim,Quy,1,03/13/2003,75304018889,21CLC6
21170159,quyen890@KHTN,21170159,Truong Thi Truc,Quyen,1,03/20/2002,75304018890,21CLC6
21170161,quynh891@KHTN,21170161,Huynh Ngoc Diem,Quynh,0,03/05/2002,75304018891,21CLC6
21170162,tan892@KHTN,21170162,Nguyen Quoc Khanh,Tan,0,11/08/2003,75304018892,21CLC6
21170163,thang893@KHTN,21170163,Le Quang,Thang,0,09/26/2001,75304018893,21CLC6
21170164,thanh894@KHTN,21170164,Vo Thi Nhat,Thanh,1,02/15/2001,75304018894,21CLC6
21170166,thien895@KHTN,21170166,Nguyen Van,Thien,0,06/26/2002,75304018895,21CLC6
21170167,thu896@KHTN,21170167,Huynh Le Anh,Thu,1,05/16/2003,75304018896,21CLC6
21170168,thu897@KHTN,21170168,Nguyen Minh,Thu,0,04/17/2001,75304018897,21CLC6
21170169,thu898@KHTN,21170169,Vo Thi Kim,Thu,0,01/23/2003,75304018898,21CLC6
21170171,thuy899@KHTN,21170171,Tran Thanh,Thuy,1,11/04/2001,75304018899,21CLC6
21170172,thuy900@KHTN,21170172,Ly Thanh,Thuy,0,06/04/2001,75304018900,21CLC6
21170173,toan901@KHTN,21170173,Le Bao,Toan,1,11/14/2003,75304018901,21CLC6
21170174,tram902@KHTN,21170174,Pham Le Mai,Tram,1,07/19/2002,75304018902,21CLC6
21170176,tran903@KHTN,21170176,Tran Thao Bao,Tran,1,08/04/2001,75304018903,21CLC6
21170177,tran904@KHTN,21170177,Tran Van My,Tran,0,04/21/2003,75304018904,21CLC6
21170178,trang905@KHTN,21170178,Nguyen Thi Thuy,Trang,1,07/14/2001,75304018905,21CLC6
21170179,tri906@KHTN,21170179,Nguyen Le Minh,Tri,0,01/09/2002,75304018906,21CLC6
21170183,tuan907@KHTN,21170183,Nguyen Quang,Tuan,0,06/03/2003,75304018907,21CLC6
21170184,tung908@KHTN,21170184,Mai Quoc,Tung,0,01/04/2002,75304018908,21CLC6
21170185,tuyen909@KHTN,21170185,Lam Boi,Tuyen,1,03/20/2003,75304018909,21CLC6
21170186,tuyen910@KHTN,21170186,Luong Ngoc,Tuyen,0,08/27/2003,75304018910,21CLC6
21170187,tuyen911@KHTN,21170187,Tran Ngoc Thanh,Tuyen,0,02/16/2002,75304018911,21CLC6
21170188,tuyet912@KHTN,21170188,Nguyen Thi Anh,Tuyet,0,08/04/2001,75304018912,21CLC6
21170189,uyen913@KHTN,21170189,Mai Hoang Hai,Uyen,1,05/15/2003,75304018913,21CLC6
21170190,uyen914@KHTN,21170190,Nguyen Thi Phuong,Uyen,0,01/10/2003,75304018914,21CLC6
21170191,uyen915@KHTN,21170191,Nguyen Tram Vu,Uyen,1,02/26/2002,75304018915,21CLC6
21170193,viet916@KHTN,21170193,Thai,Viet,0,05/11/2002,75304018916,21CLC6
21170194,vinh917@KHTN,21170194,Tran Kien,Vinh,1,07/28/2001,75304018917,21CLC6
21170195,vinh918@KHTN,21170195,Vo Quang,Vinh,1,04/21/2003,75304018918,21CLC6
21170197,vy919@KHTN,21170197,Le Tuyet,Vy,0,02/09/2001,75304018919,21CLC6
21170198,vy920@KHTN,21170198,Pham Khanh,Vy,0,03/10/2002,75304018920,21CLC6
21170199,vy921@KHTN,21170199,Van Tuong,Vy,1,07/19/2002,75304018921,21CLC6
21170200,y922@KHTN,21170200,Pham Thi Kim,Y,1,05/22/2001,75304018922,21CLC6
21170201,huy923@KHTN,21170201,Doan Quoc,Huy,1,07/04/2001,75304018923,21CLC6
21170202,khang924@KHTN,21170202,Nguyen Duong,Khang,0,06/26/2003,75304018924,21CLC6
21177004,chuong925@KHTN,21177004,Le Hoang,Chuong,1,12/28/2001,75304018925,21CLC6
21177008,hung926@KHTN,21177008,Tran Phuc,Hung,0,05/17/2002,75304018926,21CLC6
21177010,khue927@KHTN,21177010,Le Nguyen Anh,Khue,1,06/03/2001,75304018927,21CLC6
21177022,vy928@KHTN,21177022,Nguyen Gia,Vy,1,11/12/2001,75304018928,21CLC6
21177024,anh929@KHTN,21177024,Le Thi Hong,Anh,1,10/24/2003,75304018929,21CLC6
21177026,diep930@KHTN,21177026,Phan Nguyen Ngoc,Diep,0,04/12/2003,75304018930,21CLC7
21177032,nghi931@KHTN,21177032,Van Thanh,Nghi,0,05/08/2003,75304018931,21CLC7
21177034,phong932@KHTN,21177034,Luu Tan,Phong,0,03/20/2003,75304018932,21CLC7
21177035,quynh933@KHTN,21177035,Le Tan Bao,Quynh,1,07/21/2001,75304018933,21CLC7
21177036,thanh934@KHTN,21177036,Nguyen Ngoc Trang,Thanh,0,06/15/2001,75304018934,21CLC7
21177037,tram935@KHTN,21177037,Nguyen Ngoc,Tram,0,02/25/2002,75304018935,21CLC7
21177039,han936@KHTN,21177039,Nguyen Ngoc,Han,0,06/17/2003,75304018936,21CLC7
21177040,man937@KHTN,21177040,Tran Trieu,Man,0,09/09/2003,75304018937,21CLC7
21180006,an938@KHTN,21180006,Nguyen Huu,An,1,05/15/2001,75304018938,21CLC7
21180012,anh939@KHTN,21180012,Tran Thi Kim,Anh,1,06/18/2003,75304018939,21CLC7
21180013,anh940@KHTN,21180013,Vu Thi Phuong,Anh,1,11/20/2003,75304018940,21CLC7
21180014,bao941@KHTN,21180014,Vo Hoang Gia,Bao,1,01/08/2001,75304018941,21CLC7
21180015,binh942@KHTN,21180015,Nguyen Thi Thuy,Binh,0,01/14/2001,75304018942,21CLC7
21180020,dac943@KHTN,21180020,Nguyen Than,Dac,1,08/23/2001,75304018943,21CLC7
21180023,dung944@KHTN,21180023,Tran Ngoc Kim,Dung,1,01/11/2003,75304018944,21CLC7
21180024,duong945@KHTN,21180024,Do Vu Anh,Duong,0,09/13/2001,75304018945,21CLC7
21180027,duyen946@KHTN,21180027,Pham Thi My,Duyen,1,03/08/2001,75304018946,21CLC7
21180028,duyen947@KHTN,21180028,Tran Thi My,Duyen,0,02/10/2001,75304018947,21CLC7
21180029,ghi948@KHTN,21180029,Le Kha,Ghi,1,06/16/2001,75304018948,21CLC7
21180034,han949@KHTN,21180034,Nguyen Ngoc Quynh,Han,1,08/27/2002,75304018949,21CLC7
21180038,hang950@KHTN,21180038,Tran Thu,Hang,0,08/19/2002,75304018950,21CLC7
21180043,hoang951@KHTN,21180043,Pham Huy,Hoang,1,09/24/2002,75304018951,21CLC7
21180046,huy952@KHTN,21180046,Nguyen Khanh,Huy,1,12/26/2002,75304018952,21CLC7
21180047,huyen953@KHTN,21180047,Nguyen Thu,Huyen,0,11/17/2001,75304018953,21CLC7
21180050,khanh954@KHTN,21180050,Mai Hoang,Khanh,0,03/24/2003,75304018954,21CLC7
21180051,khanh955@KHTN,21180051,Nguyen Phuong,Khanh,0,02/15/2001,75304018955,21CLC7
21180057,linh956@KHTN,21180057,Huynh Ngoc,Linh,0,12/11/2001,75304018956,21CLC7
21180059,linh957@KHTN,21180059,Nguyen Le Giang,Linh,0,10/02/2002,75304018957,21CLC7
21180065,nga958@KHTN,21180065,Ho Thi Phuong,Nga,1,02/21/2002,75304018958,21CLC7
21180067,ngan959@KHTN,21180067,Le Thanh,Ngan,0,04/18/2001,75304018959,21CLC7
21180068,ngan960@KHTN,21180068,Nguyen Vu Kim,Ngan,1,01/09/2001,75304018960,21CLC7
21180069,ngan961@KHTN,21180069,Pham Hoang Duy,Ngan,1,01/15/2003,75304018961,21CLC7
21180071,nghi962@KHTN,21180071,Nguyen Truong Le,Nghi,1,01/26/2001,75304018962,21CLC7
21180077,nhan963@KHTN,21180077,Le Hung Thien,Nhan,0,05/14/2001,75304018963,21CLC7
21180079,nhi964@KHTN,21180079,Au Ngoc Yen,Nhi,1,06/25/2001,75304018964,21CLC7
21180080,nhi965@KHTN,21180080,Doan Ngoc Yen,Nhi,1,10/26/2002,75304018965,21CLC7
21180081,nhi966@KHTN,21180081,Hoang Le Uyen,Nhi,1,09/25/2002,75304018966,21CLC7
21180084,nhi967@KHTN,21180084,Nguyen Hoang Minh,Nhi,0,02/14/2002,75304018967,21CLC7
21180091,phu968@KHTN,21180091,Le Thinh,Phu,1,01/22/2001,75304018968,21CLC7
21180093,phuong969@KHTN,21180093,Nguyen Bich,Phuong,1,06/24/2001,75304018969,21CLC7
21180096,thuy970@KHTN,21180096,Nguyen Ngoc Phuong,Thuy,1,06/22/2001,75304018970,21CLC7
21180100,quynh971@KHTN,21180100,Nguyen Nhu,Quynh,1,10/18/2002,75304018971,21CLC7
21180104,tam972@KHTN,21180104,Nguyen Thi Thanh,Tam,0,03/13/2002,75304018972,21CLC7
21180107,tan973@KHTN,21180107,Dang Luong,Tan,0,01/10/2002,75304018973,21CLC7
21180110,thang974@KHTN,21180110,Tran Quoc,Thang,0,12/04/2003,75304018974,21CLC7
21180111,thanh975@KHTN,21180111,Pham Huynh Phuong,Thanh,1,11/11/2003,75304018975,21CLC7
21180113,minh976@KHTN,21180113,Nguyen Thi Thao,Minh,0,02/16/2001,75304018976,21CLC7
21180115,thi977@KHTN,21180115,Tran Xuan Khanh,Thi,0,01/19/2001,75304018977,21CLC7
21180116,thu978@KHTN,21180116,Duong Yen,Thu,0,10/08/2003,75304018978,21CLC8
21180120,thuan979@KHTN,21180120,Nguyen Tan,Thuan,0,04/17/2002,75304018979,21CLC8
21180121,thuong980@KHTN,21180121,Pham Hoai,Thuong,0,12/19/2001,75304018980,21CLC8
21180123,thy981@KHTN,21180123,Nguyen Khanh,Thy,0,01/15/2002,75304018981,21CLC8
21180128,tinh982@KHTN,21180128,Pham Trong,Tinh,0,04/17/2003,75304018982,21CLC8
21180129,lam983@KHTN,21180129,Nguyen To,Lam,0,10/10/2003,75304018983,21CLC8
21180135,trang984@KHTN,21180135,Tran Huyen,Trang,0,04/07/2003,75304018984,21CLC8
21180136,trieu985@KHTN,21180136,Nguyen Phan Thuy,Trieu,0,05/09/2001,75304018985,21CLC8
21180139,truc986@KHTN,21180139,Cao Thanh,Truc,0,05/27/2003,75304018986,21CLC8
21180143,vy987@KHTN,21180143,Nguyen Ngoc Thao,Vy,1,02/11/2003,75304018987,21CLC8
21180145,vy988@KHTN,21180145,Nguyen Tran Tuong,Vy,0,06/12/2001,75304018988,21CLC8
21180146,vy989@KHTN,21180146,Quach Trieu,Vy,1,03/21/2002,75304018989,21CLC8
21180148,ngan990@KHTN,21180148,Nguyen Hong,Ngan,0,04/09/2002,75304018990,21CLC8
21180150,anh991@KHTN,21180150,Ngo Minh,Anh,0,08/15/2001,75304018991,21CLC8
21180151,anh992@KHTN,21180151,Pham Le Van,Anh,1,08/02/2002,75304018992,21CLC8
21180162,dung993@KHTN,21180162,Pham Dang Phuong,Dung,1,09/05/2001,75304018993,21CLC8
21180163,duy994@KHTN,21180163,Dang Tran,Duy,0,10/13/2001,75304018994,21CLC8
21180164,duy995@KHTN,21180164,Nguyen Phuc Thien,Duy,0,12/19/2001,75304018995,21CLC8
21180168,hai996@KHTN,21180168,Ta Trung,Hai,0,06/23/2003,75304018996,21CLC8
21180170,hau997@KHTN,21180170,Nguyen Ngoc,Hau,1,01/07/2003,75304018997,21CLC8
21180173,hieu998@KHTN,21180173,Le Trung,Hieu,0,07/26/2002,75304018998,21CLC8
21180177,huy999@KHTN,21180177,Dang Pham Hoang,Huy,1,03/01/2003,75304018999,21CLC8
21180184,khoa000@KHTN,21180184,Le Van Minh,Khoa,0,04/04/2003,75304019000,21CLC8
21180185,khoi001@KHTN,21180185,Nguyen Dang,Khoi,1,04/01/2002,75304019001,21CLC8
21180186,khue002@KHTN,21180186,Tran Ngo Minh,Khue,1,05/02/2002,75304019002,21CLC8
21180190,linh003@KHTN,21180190,Nguyen Khanh,Linh,1,06/26/2003,75304019003,21CLC8
21180192,long004@KHTN,21180192,Nguyen Duc,Long,1,01/13/2001,75304019004,21CLC8
21180195,ngan005@KHTN,21180195,Truong Phuc Thoai,Ngan,1,12/24/2002,75304019005,21CLC8
21180197,ngu006@KHTN,21180197,Nguyen Khac,Ngu,1,02/11/2003,75304019006,21CLC8
21180199,nhat007@KHTN,21180199,Nguyen Hoang,Nhat,1,04/12/2003,75304019007,21CLC8
21180203,phan008@KHTN,21180203,Vu Nguyen Ngoc,Phan,0,07/19/2002,75304019008,21CLC8
21180206,quang009@KHTN,21180206,Nguyen Nhat,Quang,1,03/11/2002,75304019009,21CLC8
21180219,thu010@KHTN,21180219,Vu Ngoc Anh,Thu,1,06/28/2001,75304019010,21CLC8
21180228,triet011@KHTN,21180228,Le Minh,Triet,0,08/16/2002,75304019011,21CLC8
21180233,tu012@KHTN,21180233,Do Thi Minh,Tu,1,02/03/2002,75304019012,21CLC8
21180238,uyen013@KHTN,21180238,Vo Hoang Phuong,Uyen,0,03/24/2002,75304019013,21CLC8
21180239,van014@KHTN,21180239,Tran Bach,Van,0,01/27/2003,75304019014,21CLC8
21180240,vu015@KHTN,21180240,Pham Quang,Vu,1,11/13/2001,75304019015,21CLC8
21180241,vy016@KHTN,21180241,Le Ngoc Yen,Vy,1,01/23/2002,75304019016,21CLC8
21180245,yen017@KHTN,21180245,Huynh Nguyen Song,Yen,1,08/22/2001,75304019017,21CLC8
21180248,dung018@KHTN,21180248,Le Quang,Dung,1,10/01/2002,75304019018,21CLC8
21180249,hau019@KHTN,21180249,Phan Trung,Hau,0,10/11/2003,75304019019,21CLC8
21180251,thinh020@KHTN,21180251,Nguyen An,Thinh,0,11/05/2002,75304019020,21CLC8
21180253,truong021@KHTN,21180253,Vang Phi,Truong,0,09/25/2003,75304019021,21CLC8
21180255,tuong022@KHTN,21180255,Tran Le Cat,Tuong,0,10/18/2002,75304019022,21CLC8
21180256,yen023@KHTN,21180256,Ta Ly Hong,Yen,0,12/09/2002,75304019023,21CLC8
21180257,ai024@KHTN,21180257,Nguyen Truong Minh,Ai,0,04/28/2003,75304019024,21CLC8
21180258,an025@KHTN,21180258,Huynh Quoc,An,1,03/13/2003,75304019025,21CLC8
21180259,an026@KHTN,21180259,Nguyen Thi Thuy,An,0,05/21/2003,75304019026,21CLC8
21180260,an027@KHTN,21180260,Nguyen Truong,An,1,07/08/2003,75304019027,21CLC8
21180261,an028@KHTN,21180261,Cao Hoang Thien,An,0,06/01/2003,75304019028,21CLC8
21180263,anh029@KHTN,21180263,Huynh Nguyen Bao,Anh,0,02/21/2002,75304019029,21CLC8
21180264,anh030@KHTN,21180264,Huynh Nhat,Anh,0,06/23/2002,75304019030,21CLC8
21180265,anh031@KHTN,21180265,Mai Hong,Anh,1,01/14/2001,75304019031,21CLC8
21180266,bao032@KHTN,21180266,Le Chieu,Bao,0,10/09/2002,75304019032,21CLC8
21180267,cong033@KHTN,21180267,Le Thanh,Cong,1,06/15/2001,75304019033,21CLC8
21180268,danh034@KHTN,21180268,Ly Thanh,Danh,1,09/28/2001,75304019034,21CLC8
21180269,dao035@KHTN,21180269,Nguyen Anh,Dao,0,08/25/2003,75304019035,21CLC8
21180270,dat036@KHTN,21180270,Nguyen Huynh Quoc,Dat,0,04/18/2002,75304019036,21CLC8
21180271,dat037@KHTN,21180271,Nguyen Tran Tien,Dat,0,07/02/2002,75304019037,21CLC8
21180272,do038@KHTN,21180272,Tran Van,Do,0,02/28/2001,75304019038,21CLC8
21180273,dung039@KHTN,21180273,Truong Tien,Dung,0,06/19/2003,75304019039,21CLC8
21180275,duong040@KHTN,21180275,Nguyen Thanh,Duong,1,07/02/2002,75304019040,21CLC9
21180276,duy041@KHTN,21180276,Le Nguyen Tuong,Duy,0,02/10/2003,75304019041,21CLC9
21180277,duyen042@KHTN,21180277,Le Thi Thuy,Duyen,1,09/04/2002,75304019042,21CLC9
21180278,giang043@KHTN,21180278,Huynh Thi Kim,Giang,0,11/15/2003,75304019043,21CLC9
21180279,giang044@KHTN,21180279,Vo Truong,Giang,0,09/24/2001,75304019044,21CLC9
21180280,ha045@KHTN,21180280,Vu Lan,Ha,0,08/08/2001,75304019045,21CLC9
21180281,ha046@KHTN,21180281,Nguyen Doan Nhat,Ha,0,11/15/2003,75304019046,21CLC9
21180282,hai047@KHTN,21180282,Ly Tien,Hai,1,02/01/2002,75304019047,21CLC9
21180283,hai048@KHTN,21180283,Phung Minh,Hai,0,12/08/2003,75304019048,21CLC9
21180284,hang049@KHTN,21180284,Ha Thi,Hang,0,06/04/2001,75304019049,21CLC9
21180285,hanh050@KHTN,21180285,Tran Thi My,Hanh,1,02/12/2002,75304019050,21CLC9
21180286,hao051@KHTN,21180286,Le Tu Hoang,Hao,0,07/18/2001,75304019051,21CLC9
21180287,hau052@KHTN,21180287,Nguyen,Hau,1,11/22/2002,75304019052,21CLC9
21180288,hien053@KHTN,21180288,Nguyen Thi Thanh,Hien,0,07/14/2001,75304019053,21CLC9
21180289,hieu054@KHTN,21180289,Nguyen Phan Ngoc,Hieu,1,11/15/2001,75304019054,21CLC9
21180290,hieu055@KHTN,21180290,Huynh Ngoc Khanh,Hieu,0,10/10/2003,75304019055,21CLC9
21180291,hung056@KHTN,21180291,Nguyen Quang,Hung,0,02/05/2003,75304019056,21CLC9
21180292,huong057@KHTN,21180292,Nguyen Thao,Huong,1,01/19/2001,75304019057,21CLC9
21180293,huy058@KHTN,21180293,Le Phat,Huy,0,04/19/2003,75304019058,21CLC9
21180294,huy059@KHTN,21180294,Tran,Huy,0,09/05/2003,75304019059,21CLC9
21180295,huyen060@KHTN,21180295,Huynh Thi Mai,Huyen,0,02/28/2002,75304019060,21CLC9
21180296,huyen061@KHTN,21180296,Vo Ngoc Bich,Huyen,1,05/11/2002,75304019061,21CLC9
22127000,an062@KHTN,22127000,Huynh Dinh Gia,An,1,11/18/2002,75304019062,22CLC1
22127001,anh063@KHTN,22127001,Quan Vu Hoang,Anh,1,01/01/2002,75304019063,22CLC1
22127002,anh064@KHTN,22127002,Nguyen Truong Ngoc,Anh,1,09/07/2003,75304019064,22CLC1
22127003,binh065@KHTN,22127003,Nguyen Thuc Luong,Binh,0,12/19/2003,75304019065,22CLC1
22127004,cong066@KHTN,22127004,Nguyen Thanh,Cong,1,04/03/2001,75304019066,22CLC1
22127005,danh067@KHTN,22127005,Do Thanh,Danh,0,02/04/2002,75304019067,22CLC1
22127006,dong068@KHTN,22127006,Dam Chanh,Dong,1,04/22/2003,75304019068,22CLC1
22127007,giau069@KHTN,22127007,Cung Kim,Giau,1,07/22/2001,75304019069,22CLC1
22127008,ha070@KHTN,22127008,Nguyen Thi Thu,Ha,1,09/02/2001,75304019070,22CLC1
22127009,hoa071@KHTN,22127009,Pham Thanh,Hoa,0,02/19/2002,75304019071,22CLC1
22127010,hung072@KHTN,22127010,Phan Tan,Hung,1,05/05/2002,75304019072,22CLC1
22127011,huy073@KHTN,22127011,Nguyen Thi Kim,Huy,1,12/13/2003,75304019073,22CLC1
22127012,lam074@KHTN,22127012,Tran Mai,Lam,0,10/26/2002,75304019074,22CLC1
22127013,linh075@KHTN,22127013,Nguyen Ngoc Phuong,Linh,1,05/19/2001,75304019075,22CLC1
22127014,ly076@KHTN,22127014,Nguyen Thi Truc,Ly,1,07/18/2002,75304019076,22CLC1
22127015,anh077@KHTN,22127015,Vu Thi Mai,Anh,1,04/21/2002,75304019077,22CLC1
22127016,my078@KHTN,22127016,Tran Le Ha,My,1,11/06/2001,75304019078,22CLC1
22127017,ngan079@KHTN,22127017,Du Long,Ngan,1,08/02/2003,75304019079,22CLC1
22127018,ngan080@KHTN,22127018,Tran Ngoc Kim,Ngan,0,04/12/2003,75304019080,22CLC1
22127019,nguyen081@KHTN,22127019,Do Ky,Nguyen,1,11/11/2002,75304019081,22CLC1
22127020,nhu082@KHTN,22127020,Do Tam,Nhu,1,09/14/2001,75304019082,22CLC1
22127021,nhu083@KHTN,22127021,Pham Ngoc To,Nhu,0,06/22/2002,75304019083,22CLC1
22127022,nhu084@KHTN,22127022,Pham Thuy,Nhu,1,04/16/2001,75304019084,22CLC1
22127023,phuong085@KHTN,22127023,Dao Le Uyen,Phuong,0,10/07/2002,75304019085,22CLC1
22127024,qui086@KHTN,22127024,Pham Thi Nhu,Qui,1,02/11/2001,75304019086,22CLC1
22127025,quynh087@KHTN,22127025,Le Diem,Quynh,1,07/11/2001,75304019087,22CLC1
22127026,thao088@KHTN,22127026,Pham Kim,Thao,0,01/19/2003,75304019088,22CLC1
22127027,thao089@KHTN,22127027,Pham Thanh,Thao,1,07/04/2002,75304019089,22CLC1
22127028,thao090@KHTN,22127028,Vu Thanh,Thao,1,12/26/2002,75304019090,22CLC1
22127029,thien091@KHTN,22127029,Nguyen Phuc,Thien,1,07/02/2001,75304019091,22CLC1
22127030,tai092@KHTN,22127030,Tran Vuong Thien,Tai,1,07/21/2002,75304019092,22CLC1
22127031,thong093@KHTN,22127031,Sy Huu,Thong,0,06/11/2002,75304019093,22CLC1
22127032,thu094@KHTN,22127032,Nguyen Ngoc Minh,Thu,0,07/23/2002,75304019094,22CLC1
22127033,thy095@KHTN,22127033,Nguyen Dinh Uyen,Thy,0,11/14/2003,75304019095,22CLC1
22127034,truc096@KHTN,22127034,Phan Nguyen Thanh,Truc,0,08/15/2002,75304019096,22CLC1
22127035,tuyet097@KHTN,22127035,Nguyen Doanh Xuan,Tuyet,0,06/02/2003,75304019097,22CLC1
22127036,uyen098@KHTN,22127036,Vo Hoang Phuong,Uyen,0,11/05/2001,75304019098,22CLC1
22127037,vy099@KHTN,22127037,Pham Vo Thuy,Vy,1,10/24/2003,75304019099,22CLC1
22127038,xuyen100@KHTN,22127038,Ha My,Xuyen,1,04/16/2001,75304019100,22CLC1
22127039,yen101@KHTN,22127039,Tran Pham Hoang,Yen,0,09/11/2003,75304019101,22CLC1
22127040,thu102@KHTN,22127040,Trinh Tran Anh,Thu,1,06/10/2002,75304019102,22CLC1
22127041,an103@KHTN,22127041,Vu Le,An,1,03/09/2002,75304019103,22CLC1
22127042,anh104@KHTN,22127042,Le Quynh,Anh,1,04/06/2001,75304019104,22CLC1
22127043,anh105@KHTN,22127043,Nguyen Vy,Anh,0,04/16/2002,75304019105,22CLC1
22127044,binh106@KHTN,22127044,Mac Quang,Binh,1,11/28/2001,75304019106,22CLC1
22127045,dat107@KHTN,22127045,Tran Minh,Dat,0,12/21/2002,75304019107,22CLC1
22127046,dung108@KHTN,22127046,Truong My,Dung,1,08/18/2002,75304019108,22CLC1
22127047,giang109@KHTN,22127047,Pham Thi Truc,Giang,0,12/05/2001,75304019109,22CLC1
22127048,han110@KHTN,22127048,Nguyen Huynh Bao,Han,0,04/05/2001,75304019110,22CLC1
22127049,hanh111@KHTN,22127049,Ta Le Ngoc,Hanh,1,06/19/2001,75304019111,22CLC1
22127050,hop112@KHTN,22127050,Le Quang,Hop,1,03/11/1999,75304019112,22CLC1
22127051,hao113@KHTN,22127051,Huynh Ngoc,Hao,0,12/19/2002,75304019113,22CLC1
22127052,kha114@KHTN,22127052,Lam Vy,Kha,0,11/20/2003,75304019114,22CLC2
22127053,khoa115@KHTN,22127053,Le Nguyen Yen,Khoa,0,05/25/2003,75304019115,22CLC2
22127054,linh116@KHTN,22127054,Truong Tran Ngoc,Linh,0,11/13/2002,75304019116,22CLC2
22127055,long117@KHTN,22127055,Dinh Nam,Long,0,08/10/2003,75304019117,22CLC2
22127056,long118@KHTN,22127056,Tran Huynh,Long,1,06/20/2002,75304019118,22CLC2
22127057,minh119@KHTN,22127057,Le Dang,Minh,0,10/17/2003,75304019119,22CLC2
22127058,minh120@KHTN,22127058,Nguyen Gia,Minh,0,02/05/2002,75304019120,22CLC2
22127059,ngan121@KHTN,22127059,Pham Thanh,Ngan,1,04/05/2003,75304019121,22CLC2
22127060,nghia122@KHTN,22127060,Vo Duc Trong,Nghia,1,10/21/2003,75304019122,22CLC2
22127061,ngoc123@KHTN,22127061,Dang Huynh Kim,Ngoc,0,07/26/2001,75304019123,22CLC2
22127062,nguyen124@KHTN,22127062,Chiem Gia,Nguyen,1,10/25/2002,75304019124,22CLC2
22127063,nhan125@KHTN,22127063,Le Duc,Nhan,0,01/08/2001,75304019125,22CLC2
22127064,nhi126@KHTN,22127064,Mai Thi Yen,Nhi,1,08/23/2001,75304019126,22CLC2
22127065,oanh127@KHTN,22127065,Le Ngoc,Oanh,1,07/01/2003,75304019127,22CLC2
22127066,phuc128@KHTN,22127066,Le Truong,Phuc,1,01/27/2002,75304019128,22CLC2
22127067,quang129@KHTN,22127067,Tran Minh,Quang,1,01/01/2001,75304019129,22CLC2
22127068,quynh130@KHTN,22127068,Dao Duc Thuy,Quynh,1,07/25/2003,75304019130,22CLC2
22127069,quynh131@KHTN,22127069,Tran Duc,Quynh,0,10/04/2001,75304019131,22CLC2
22127070,quynh132@KHTN,22127070,Tran Phuong,Quynh,0,01/15/2002,75304019132,22CLC2
22127071,tam133@KHTN,22127071,Le Nguyen My,Tam,1,12/04/2003,75304019133,22CLC2
22127072,thanh134@KHTN,22127072,Huynh Thi Thuy,Thanh,0,08/24/2003,75304019134,22CLC2
22127073,thanh135@KHTN,22127073,Phan Thi Thu,Thanh,1,12/01/2002,75304019135,22CLC2
22127074,thao136@KHTN,22127074,Nguyen Phuong,Thao,1,07/17/2003,75304019136,22CLC2
22127075,thao137@KHTN,22127075,Nguyen Thi Phuong,Thao,0,07/12/2002,75304019137,22CLC2
22127076,thong138@KHTN,22127076,Huynh Le Ngoc,Thong,1,10/15/2002,75304019138,22CLC2
22127077,thu139@KHTN,22127077,Nguyen Thiet Minh,Thu,0,04/18/2001,75304019139,22CLC2
22127078,thu140@KHTN,22127078,Nguyen Tran Minh,Thu,0,04/12/2002,75304019140,22CLC2
22127079,thuy141@KHTN,22127079,Lai Le Nhu,Thuy,0,01/18/2003,75304019141,22CLC2
22127080,truc142@KHTN,22127080,Nguyen Thi Chanh,Truc,1,07/05/2001,75304019142,22CLC2
22127081,tuyen143@KHTN,22127081,Nguyen Thi Thanh,Tuyen,1,08/23/2002,75304019143,22CLC2
22127082,vy144@KHTN,22127082,Diep Thi Thuy,Vy,0,12/03/2002,75304019144,22CLC2
22127083,vy145@KHTN,22127083,Hoang Dieu Thao,Vy,0,05/11/2001,75304019145,22CLC2
22127084,y146@KHTN,22127084,Huynh Nhu,Y,1,02/17/2002,75304019146,22CLC2
22127085,bao147@KHTN,22127085,Vuong Gia,Bao,1,06/15/2003,75304019147,22CLC2
22127086,an148@KHTN,22127086,Nguyen Thi Quynh,An,1,11/12/2002,75304019148,22CLC2
22127087,anh149@KHTN,22127087,Do Hoai My,Anh,0,01/16/2001,75304019149,22CLC2
22127088,anh150@KHTN,22127088,Nguyen Duc,Anh,1,06/15/2001,75304019150,22CLC2
22127089,anh151@KHTN,22127089,Nguyen Thi Minh,Anh,1,08/05/2003,75304019151,22CLC2
22127090,ban152@KHTN,22127090,Tran,Ban,1,12/20/2003,75304019152,22CLC2
22127091,bao153@KHTN,22127091,Pham Thien,Bao,0,11/06/2003,75304019153,22CLC2
22127092,binh154@KHTN,22127092,Nguyen Duong An,Binh,0,06/17/2001,75304019154,22CLC2
22127093,chau155@KHTN,22127093,Nguyen Ngoc Minh,Chau,0,04/09/2003,75304019155,22CLC2
22127094,chi156@KHTN,22127094,Bui Phuoc,Chi,1,10/25/2001,75304019156,22CLC2
22127095,cung157@KHTN,22127095,Duong,Cung,0,11/28/2002,75304019157,22CLC2
22127096,cuong158@KHTN,22127096,Nguyen Nhat,Cuong,1,08/08/2002,75304019158,22CLC2
22127097,cuong159@KHTN,22127097,Trinh Manh,Cuong,1,12/12/2001,75304019159,22CLC2
22127098,dat160@KHTN,22127098,Nguyen Huu,Dat,0,03/24/2001,75304019160,22CLC2
22127099,huy161@KHTN,22127099,Dang Tran Quang,Huy,0,02/28/2003,75304019161,22CLC2
22127100,huy162@KHTN,22127100,Huynh Nhat,Huy,1,08/10/2002,75304019162,22CLC2
22127101,huy163@KHTN,22127101,Tran Van,Huy,1,02/22/2002,75304019163,22CLC2
22127102,huyen164@KHTN,22127102,Do Van,Huyen,1,01/25/2002,75304019164,22CLC2
22127103,huyen165@KHTN,22127103,Nguyen Khanh,Huyen,0,08/15/2002,75304019165,22CLC2
22127104,huyen166@KHTN,22127104,Nguyen Le Minh,Huyen,0,06/09/2003,75304019166,22CLC2
22127105,huyen167@KHTN,22127105,Vu Le Dieu,Huyen,1,10/22/2003,75304019167,22CLC2
22127106,hy168@KHTN,22127106,Dao Hoang Bach,Hy,0,06/03/2003,75304019168,22CLC2
22127107,khang169@KHTN,22127107,Le Nguyen Bao,Khang,0,01/04/2002,75304019169,22CLC2
22127108,lan170@KHTN,22127108,Nguyen Ngoc Quynh,Lan,0,07/25/2002,75304019170,22CLC2
22127109,linh171@KHTN,22127109,Cao Tu,Linh,0,09/08/2003,75304019171,22CLC2
22127110,linh172@KHTN,22127110,Tran Phuong,Linh,1,05/13/2001,75304019172,22CLC2
22127111,linh173@KHTN,22127111,Tran Thi Tu,Linh,1,07/06/2003,75304019173,22CLC2
22127112,loan174@KHTN,22127112,Thai Thi Cam,Loan,0,11/14/2002,75304019174,22CLC2
22127113,long175@KHTN,22127113,Ly Hoang,Long,1,07/08/2002,75304019175,22CLC3
22127114,minh176@KHTN,22127114,Tran Giang Duc,Minh,0,10/27/2002,75304019176,22CLC3
22127115,ngan177@KHTN,22127115,Bui Thi Thanh,Ngan,1,11/07/2002,75304019177,22CLC3
22127116,ngan178@KHTN,22127116,Mai Thi Kim,Ngan,0,08/11/2002,75304019178,22CLC3
22127117,ngan179@KHTN,22127117,Nguyen Ngoc Kim,Ngan,0,12/10/2003,75304019179,22CLC3
22127118,ngan180@KHTN,22127118,Nguyen Thoai,Ngan,0,08/07/2002,75304019180,22CLC3
22127119,ngoc181@KHTN,22127119,Do Le Bao,Ngoc,0,11/24/2003,75304019181,22CLC3
22127120,ngoc182@KHTN,22127120,Luong Nhu,Ngoc,1,11/16/2002,75304019182,22CLC3
22127121,nhan183@KHTN,22127121,Tran Dong Trung,Nhan,1,05/16/2001,75304019183,22CLC3
22127122,nhi184@KHTN,22127122,Bui Phuong,Nhi,0,10/16/2003,75304019184,22CLC3
22127123,nhi185@KHTN,22127123,Nguyen Thi Truc,Nhi,0,09/26/2002,75304019185,22CLC3
22127124,nhu186@KHTN,22127124,Nguyen Thi Huynh,Nhu,1,08/27/2003,75304019186,22CLC3
22127125,oanh187@KHTN,22127125,Le Hoang,Oanh,1,06/18/2003,75304019187,22CLC3
22127126,oanh188@KHTN,22127126,Nguyen Mai Hoang,Oanh,0,03/03/2002,75304019188,22CLC3
22127127,phong189@KHTN,22127127,Phan The,Phong,1,10/01/2002,75304019189,22CLC3
22127128,phu190@KHTN,22127128,Tran Van,Phu,0,12/25/2002,75304019190,22CLC3
22127129,phung191@KHTN,22127129,Huynh Phuong Song,Phung,0,11/07/2001,75304019191,22CLC3
22127130,phuoc192@KHTN,22127130,Trieu My,Phuoc,0,07/02/2002,75304019192,22CLC3
22127131,phuong193@KHTN,22127131,Nguyen Lan,Phuong,1,05/22/2001,75304019193,22CLC3
22127132,quan194@KHTN,22127132,Tran Minh,Quan,0,03/27/2002,75304019194,22CLC3
22127133,qui195@KHTN,22127133,Pham Luc Phu,Qui,0,07/02/2002,75304019195,22CLC3
22127134,quynh196@KHTN,22127134,Nguyen Thi Nhu,Quynh,0,08/24/2002,75304019196,22CLC3
22127135,sang197@KHTN,22127135,Pham Ba Minh,Sang,0,06/08/2002,75304019197,22CLC3
22127136,tam198@KHTN,22127136,Tran Nguyen Tue,Tam,0,11/11/2001,75304019198,22CLC3
22127137,thang199@KHTN,22127137,Phan Duy,Thang,0,11/20/2003,75304019199,22CLC3
22127138,thanh200@KHTN,22127138,Pham Tran Thien,Thanh,1,06/12/2002,75304019200,22CLC3
22127139,thao201@KHTN,22127139,Tran Xuan,Thao,0,02/23/2001,75304019201,22CLC3
22127140,thao202@KHTN,22127140,Hoang Thi Thu,Thao,0,01/17/2001,75304019202,22CLC3
22127141,thao203@KHTN,22127141,Nguyen Phuong,Thao,0,10/17/2001,75304019203,22CLC3
22127142,khang204@KHTN,22127142,Huynh Tran Tuan,Khang,0,05/26/2001,75304019204,22CLC3
22127143,kim205@KHTN,22127143,Nguyen Ngoc Thien,Kim,1,07/24/2003,75304019205,22CLC3
22127144,minh206@KHTN,22127144,Hang Thuy Van,Minh,1,11/21/2001,75304019206,22CLC3
22127145,nha207@KHTN,22127145,Phan Nguyen Thanh,Nha,1,07/24/2003,75304019207,22CLC3
22127146,phung208@KHTN,22127146,Ly The,Phung,1,01/06/2002,75304019208,22CLC3
22127147,vy209@KHTN,22127147,Nguyen Duong Thao,Vy,0,11/20/2001,75304019209,22CLC3
22127148,anh210@KHTN,22127148,Doan Vo Nhat,Anh,1,05/23/2002,75304019210,22CLC3
22127149,anh211@KHTN,22127149,Tran Ngoc,Anh,1,05/28/2001,75304019211,22CLC3
22127150,cong212@KHTN,22127150,Bui Thanh,Cong,1,09/19/2001,75304019212,22CLC3
22127151,dong213@KHTN,22127151,Nguyen Dat,Dong,0,02/22/2002,75304019213,22CLC3
22127152,duong214@KHTN,22127152,Vo Thuy,Duong,0,01/06/2002,75304019214,22CLC3
22127153,hau215@KHTN,22127153,Nguyen Tien,Hau,0,11/11/2003,75304019215,22CLC3
22127154,khanh216@KHTN,22127154,Nguyen Gia,Khanh,1,10/15/2002,75304019216,22CLC3
22127155,kiet217@KHTN,22127155,Hoang Tuan,Kiet,1,03/10/2003,75304019217,22CLC3
22127156,linh218@KHTN,22127156,Hua Man,Linh,0,08/11/2001,75304019218,22CLC3
22127157,minh219@KHTN,22127157,Vo Nguyen Nhat,Minh,0,03/24/2003,75304019219,22CLC3
22127158,nguyen220@KHTN,22127158,Truong Tri,Nguyen,1,07/19/2002,75304019220,22CLC3
22127159,nhu221@KHTN,22127159,Dinh Huynh,Nhu,1,01/17/2001,75304019221,22CLC3
22127160,nhu222@KHTN,22127160,Nguyen Dao Quynh,Nhu,1,10/22/2003,75304019222,22CLC3
22127161,phuoc223@KHTN,22127161,Pham Thanh,Phuoc,0,09/25/2002,75304019223,22CLC3
22127162,thao224@KHTN,22127162,Nguyen Ngoc Nhat,Thao,0,01/20/2003,75304019224,22CLC3
22127163,thao225@KHTN,22127163,Vo Thi Thanh,Thao,1,08/24/2003,75304019225,22CLC3
22127164,thien226@KHTN,22127164,Tran Van,Thien,1,08/17/2002,75304019226,22CLC3
22127165,thu227@KHTN,22127165,Nguyen Dinh Minh,Thu,0,06/24/2003,75304019227,22CLC3
22127166,trang228@KHTN,22127166,Nguyen Ngoc Minh,Trang,0,05/24/2003,75304019228,22CLC3
22127167,trang229@KHTN,22127167,Vo Nguyen Nguyen,Trang,0,06/22/2001,75304019229,22CLC3
22127168,uyen230@KHTN,22127168,Cao Trinh Phuong,Uyen,1,03/19/2001,75304019230,22CLC3
22127169,vy231@KHTN,22127169,Nguyen Hoang Khanh,Vy,1,11/02/2002,75304019231,22CLC3
22127170,ngan232@KHTN,22127170,Nguyen Hoang Bao,Ngan,1,09/24/2001,75304019232,22CLC3
22127171,an233@KHTN,22127171,Nguyen Thanh,An,1,01/11/2001,75304019233,22CLC3
22127172,anh234@KHTN,22127172,Dao Hai,Anh,1,08/19/2003,75304019234,22CLC3
22127173,anh235@KHTN,22127173,Mai Phuong,Anh,1,02/18/2001,75304019235,22CLC3
22127174,bach236@KHTN,22127174,Phan Hoang,Bach,1,12/07/2003,75304019236,22CLC3
22127175,chau237@KHTN,22127175,Nguyen Thuy To,Chau,0,03/09/2001,75304019237,22CLC3
22127176,chi238@KHTN,22127176,Nguyen My,Chi,1,01/05/2002,75304019238,22CLC3
22127177,dat239@KHTN,22127177,Duong Quoc,Dat,1,06/14/2002,75304019239,22CLC3
22127178,diem240@KHTN,22127178,Tran Ngoc Kieu,Diem,0,06/26/2003,75304019240,22CLC3
22127179,dinh241@KHTN,22127179,Thai Moc Quy,Dinh,1,08/26/2003,75304019241,22CLC3
22127180,doan242@KHTN,22127180,Tran Hoang Khanh,Doan,0,08/24/2001,75304019242,22CLC3
22127181,duong243@KHTN,22127181,Le Duc,Duong,1,10/22/2002,75304019243,22CLC3
22127182,duy244@KHTN,22127182,Vu Quang,Duy,1,09/15/2003,75304019244,22CLC4
22127183,han245@KHTN,22127183,Phan Nguyen Ngoc,Han,1,02/24/2001,75304019245,22CLC4
22127184,hang246@KHTN,22127184,Dang Thi Thuy,Hang,1,01/24/2001,75304019246,22CLC4
22127185,hang247@KHTN,22127185,Le Minh,Hang,0,06/09/2001,75304019247,22CLC4
22127186,hieu248@KHTN,22127186,Do Chi,Hieu,1,01/04/2001,75304019248,22CLC4
22127187,huy249@KHTN,22127187,Do Ngoc,Huy,1,03/13/2003,75304019249,22CLC4
22127188,huy250@KHTN,22127188,Truong Huu,Huy,1,01/17/2001,75304019250,22CLC4
22127189,huynh251@KHTN,22127189,Pham,Huynh,0,08/09/2002,75304019251,22CLC4
22127190,khang252@KHTN,22127190,Huynh Huy,Khang,1,12/04/2003,75304019252,22CLC4
22127191,khanh253@KHTN,22127191,Pham Nguyen Huong,Khanh,0,09/26/2002,75304019253,22CLC4
22127192,khanh254@KHTN,22127192,Tran Hong,Khanh,1,09/21/2002,75304019254,22CLC4
22127193,lam255@KHTN,22127193,Tran Quoc,Lam,0,05/18/2003,75304019255,22CLC4
22127194,linh256@KHTN,22127194,Diep Gia,Linh,0,01/09/2003,75304019256,22CLC4
22127195,linh257@KHTN,22127195,Huynh Gia,Linh,0,12/15/2001,75304019257,22CLC4
22127196,linh258@KHTN,22127196,Tong Khanh,Linh,0,12/10/2002,75304019258,22CLC4
22127197,mai259@KHTN,22127197,Nguyen Hoang Xuan,Mai,1,12/27/2002,75304019259,22CLC4
22127198,mai260@KHTN,22127198,Nguyen Huynh,Mai,1,12/16/2003,75304019260,22CLC4
22127199,mai261@KHTN,22127199,Nguyen Ngoc Xuan,Mai,0,11/12/2001,75304019261,22CLC4
22127200,minh262@KHTN,22127200,Dao Bao,Minh,1,09/05/2003,75304019262,22CLC4
22127201,my263@KHTN,22127201,Pham Thi Tra,My,1,07/15/2002,75304019263,22CLC4
22127202,nga264@KHTN,22127202,Nguyen Mai Ngoc,Nga,1,11/14/2001,75304019264,22CLC4
22127203,ngan265@KHTN,22127203,Nguyen Thi Kim,Ngan,1,11/05/2001,75304019265,22CLC4
22127204,ngao266@KHTN,22127204,Nguyen Van,Ngao,1,06/20/2001,75304019266,22CLC4
22127205,ngoc267@KHTN,22127205,Pham Hong,Ngoc,1,01/27/2001,75304019267,22CLC4
22127206,nhat268@KHTN,22127206,Luong Minh,Nhat,1,04/08/2001,75304019268,22CLC4
22127207,nhat269@KHTN,22127207,Pham Minh,Nhat,0,06/09/2002,75304019269,22CLC4
22127208,nhi270@KHTN,22127208,Le Nhat Yen,Nhi,1,02/26/2003,75304019270,22CLC4
22127209,nhi271@KHTN,22127209,Pham Thi Thanh,Nhi,1,08/11/2003,75304019271,22CLC4
22127210,nhi272@KHTN,22127210,Tran Minh Tuyet,Nhi,0,07/08/2003,75304019272,22CLC4
22127211,nhi273@KHTN,22127211,Tran Nguyen Yen,Nhi,1,09/15/2003,75304019273,22CLC4
22127212,nhu274@KHTN,22127212,Huynh Nguyen Thanh,Nhu,1,01/19/2002,75304019274,22CLC4
22127213,nhu275@KHTN,22127213,Nguyen Phan Quynh,Nhu,0,02/04/2003,75304019275,22CLC4
22127214,nhu276@KHTN,22127214,Ton Nguyen Phuong,Nhu,1,08/22/2002,75304019276,22CLC4
22127215,phuc277@KHTN,22127215,Le Huu,Phuc,1,11/02/2003,75304019277,22CLC4
22127216,phuc278@KHTN,22127216,Le Huynh,Phuc,1,01/21/2002,75304019278,22CLC4
22127217,phuong279@KHTN,22127217,Huynh Ai,Phuong,0,10/22/2003,75304019279,22CLC4
22127218,quan280@KHTN,22127218,Nguyen Dinh,Quan,1,09/28/2002,75304019280,22CLC4
22127219,thang281@KHTN,22127219,Nguyen Trong,Thang,0,08/02/2001,75304019281,22CLC4
22127220,thanh282@KHTN,22127220,Nguyen Xuan,Thanh,0,06/12/2003,75304019282,22CLC4
22127221,thao283@KHTN,22127221,Hoang Thi,Thao,0,05/14/2002,75304019283,22CLC4
22127222,thao284@KHTN,22127222,Le Nguyen Lan,Thao,0,01/05/2003,75304019284,22CLC4
22127223,thao285@KHTN,22127223,Trinh Phuong,Thao,0,06/15/2003,75304019285,22CLC4
22127224,thoa286@KHTN,22127224,Nguyen Thi Kim,Thoa,1,06/18/2003,75304019286,22CLC4
22127225,thu287@KHTN,22127225,Nguyen Minh,Thu,0,03/09/2002,75304019287,22CLC4
22127226,thuan288@KHTN,22127226,Doan Minh,Thuan,1,12/05/2002,75304019288,22CLC4
22127227,thy289@KHTN,22127227,Bui Mai,Thy,0,02/19/2001,75304019289,22CLC4
22127228,thy290@KHTN,22127228,Nguyen Anh,Thy,0,08/21/2001,75304019290,22CLC4
22127229,tran291@KHTN,22127229,Pham Doan Tu,Tran,0,06/25/2003,75304019291,22CLC4
22127230,tri292@KHTN,22127230,Nguyen Anh,Tri,1,11/11/2002,75304019292,22CLC4
22127231,trinh293@KHTN,22127231,Lam Pham Tuyet,Trinh,0,07/24/2002,75304019293,22CLC4
22127232,truc294@KHTN,22127232,Nguyen Thanh,Truc,1,03/22/2003,75304019294,22CLC4
22127233,trung295@KHTN,22127233,Vu Thanh,Trung,0,02/14/2001,75304019295,22CLC4
22127234,tu296@KHTN,22127234,Pham Ngoc Minh,Tu,0,02/28/2002,75304019296,22CLC4
22127235,vinh297@KHTN,22127235,Nguyen Bui Duc,Vinh,1,02/05/2001,75304019297,22CLC4
22127236,vy298@KHTN,22127236,Nguyen Phan Thao,Vy,0,06/16/2002,75304019298,22CLC4
22127237,vy299@KHTN,22127237,Le Trieu,Vy,0,07/02/2002,75304019299,22CLC4
22127238,y300@KHTN,22127238,Nguyen Dao Nhu,Y,1,01/08/2002,75304019300,22CLC4
22127239,duy301@KHTN,22127239,Nguyen Hoang,Duy,1,11/25/2002,75304019301,22CLC4
22127240,giang302@KHTN,22127240,Vu Le,Giang,1,10/14/2001,75304019302,22CLC4
22127241,hai303@KHTN,22127241,Ly Nhut,Hai,1,05/20/2002,75304019303,22CLC4
22127242,hang304@KHTN,22127242,Ngo Uyen,Hang,0,01/18/2001,75304019304,22CLC5
22127243,hue305@KHTN,22127243,Nguyen Thi Thanh,Hue,0,03/07/2001,75304019305,22CLC5
22127244,hung306@KHTN,22127244,Pham Thi Ngoc,Hung,1,11/17/2002,75304019306,22CLC5
22127245,huyen307@KHTN,22127245,Nguyen Thi Thanh,Huyen,1,12/07/2002,75304019307,22CLC5
22127246,khoa308@KHTN,22127246,Dinh Anh,Khoa,0,08/04/2001,75304019308,22CLC5
22127247,khue309@KHTN,22127247,Pham Lan Gia,Khue,0,08/14/2001,75304019309,22CLC5
22127248,ky310@KHTN,22127248,Phan Dang Hieu,Ky,0,02/09/2003,75304019310,22CLC5
22127249,lan311@KHTN,22127249,Nguyen Thi Tuyet,Lan,1,03/09/2001,75304019311,22CLC5
22127250,linh312@KHTN,22127250,Nguyen Khanh,Linh,1,09/03/2001,75304019312,22CLC5
22127251,linh313@KHTN,22127251,Nguyen Khanh,Linh,1,08/01/2001,75304019313,22CLC5
22127252,linh314@KHTN,22127252,Nguyen Phuc Giao,Linh,0,04/12/2002,75304019314,22CLC5
22127253,linh315@KHTN,22127253,Tran Vo Truc,Linh,0,04/05/2001,75304019315,22CLC5
22127254,long316@KHTN,22127254,Tran Nhat Minh,Long,0,02/13/2002,75304019316,22CLC5
22127255,nam317@KHTN,22127255,Nguyen Thanh,Nam,0,09/19/2001,75304019317,22CLC5
22127256,ngan318@KHTN,22127256,Thai Ngoc Minh,Ngan,1,08/15/2002,75304019318,22CLC5
22127257,ngoc319@KHTN,22127257,Tran Bao,Ngoc,0,10/16/2003,75304019319,22CLC5
22127258,nguyen320@KHTN,22127258,Tran Hanh,Nguyen,1,10/25/2002,75304019320,22CLC5
22127259,giang321@KHTN,22127259,Do Nguyen Huong,Giang,1,06/23/2001,75304019321,22CLC5
22127260,thu322@KHTN,22127260,Pham Nguyen Anh,Thu,1,03/25/2002,75304019322,22CLC5
22127261,kha323@KHTN,22127261,Huynh Le Minh,Kha,0,09/03/2001,75304019323,22CLC5
22127262,nguyen324@KHTN,22127262,Nguyen Duc,Nguyen,1,02/08/2001,75304019324,22CLC5
22127263,an325@KHTN,22127263,Le Vo Hoang Thanh,An,0,10/18/2001,75304019325,22CLC5
22127264,anh326@KHTN,22127264,Nguy Van,Anh,1,01/23/2002,75304019326,22CLC5
22127265,anh327@KHTN,22127265,Nguyen Thi Lan,Anh,0,04/11/2002,75304019327,22CLC5
22127266,anh328@KHTN,22127266,Tran Thi Phuong,Anh,0,11/25/2002,75304019328,22CLC5
22127267,anh329@KHTN,22127267,Vo Quang,Anh,0,10/09/2003,75304019329,22CLC5
22127268,anh330@KHTN,22127268,Vu Que,Anh,1,06/20/2003,75304019330,22CLC5
22127269,bao331@KHTN,22127269,Nguyen Ngoc Hoai,Bao,0,03/18/2001,75304019331,22CLC5
22127270,chien332@KHTN,22127270,Le Minh,Chien,1,08/15/2001,75304019332,22CLC5
22127271,dang333@KHTN,22127271,Tran Anh Hai,Dang,1,04/23/2001,75304019333,22CLC5
22127272,dung334@KHTN,22127272,Pham Tuan,Dung,0,03/02/2001,75304019334,22CLC5
22127273,duong335@KHTN,22127273,Nguyen Thi Anh,Duong,0,10/24/2002,75304019335,22CLC5
22127274,duong336@KHTN,22127274,Tran Bach,Duong,1,08/03/2001,75304019336,22CLC5
22127275,duy337@KHTN,22127275,Ngo Vien Hoang,Duy,1,12/28/2002,75304019337,22CLC5
22127276,duy338@KHTN,22127276,Nguyen Duc,Duy,0,02/23/2001,75304019338,22CLC5
22127277,duy339@KHTN,22127277,Nguyen Thanh,Duy,1,08/02/2002,75304019339,22CLC5
22127278,duyen340@KHTN,22127278,Nguyen Thi My,Duyen,1,03/13/2003,75304019340,22CLC5
22127279,gia341@KHTN,22127279,Pham Hoang Phu,Gia,1,03/14/2003,75304019341,22CLC5
22127280,giang342@KHTN,22127280,Duong Thi Tra,Giang,1,11/25/2002,75304019342,22CLC5
22127281,han343@KHTN,22127281,Doan Thi Ngoc,Han,1,09/18/2002,75304019343,22CLC5
22127282,han344@KHTN,22127282,Ngo Vo Hong,Han,1,10/11/2002,75304019344,22CLC5
22127283,hao345@KHTN,22127283,Nguyen Anh,Hao,0,04/27/2002,75304019345,22CLC5
22127284,hau346@KHTN,22127284,Doan Cao Trung,Hau,1,11/15/2001,75304019346,22CLC5
22127285,hien347@KHTN,22127285,Ly Thi,Hien,0,12/19/2002,75304019347,22CLC5
22127286,hieu348@KHTN,22127286,Nguyen Nhu,Hieu,1,10/01/2002,75304019348,22CLC5
22127287,hoa349@KHTN,22127287,Tran Thi,Hoa,0,01/20/2002,75304019349,22CLC5
22127288,hoa350@KHTN,22127288,Tran Vu Mai,Hoa,1,06/20/2002,75304019350,22CLC5
22127289,hoa351@KHTN,22127289,Nguyen Thi An,Hoa,0,04/03/2002,75304019351,22CLC5
22127290,hoan352@KHTN,22127290,Dang Xuan,Hoan,1,04/22/2003,75304019352,22CLC5
22127291,hung353@KHTN,22127291,Lam Quang,Hung,1,01/21/2001,75304019353,22CLC5
22127292,hung354@KHTN,22127292,Huynh Long,Hung,1,03/28/2003,75304019354,22CLC5
22127293,khanh355@KHTN,22127293,Nguyen Van,Khanh,1,01/01/2001,75304019355,22CLC5
22127294,khanh356@KHTN,22127294,Pham Le Cong,Khanh,1,10/01/2001,75304019356,22CLC5
22127295,khoi357@KHTN,22127295,Le Hoang,Khoi,1,10/23/2001,75304019357,22CLC5
22127296,khoi358@KHTN,22127296,Nguyen Minh,Khoi,0,06/24/2001,75304019358,22CLC5
22127297,khoi359@KHTN,22127297,Nguyen Ngoc Ha,Khoi,0,05/13/2003,75304019359,22CLC5
22127298,kim360@KHTN,22127298,Phan Ngoc,Kim,1,03/22/2002,75304019360,22CLC5
22127299,linh361@KHTN,22127299,Nguyen Ai,Linh,0,09/16/2001,75304019361,22CLC5
22127300,linh362@KHTN,22127300,Tran Thanh Truc,Linh,1,10/13/2003,75304019362,22CLC5
22127301,loc363@KHTN,22127301,Nguyen Nhi,Loc,0,06/13/2001,75304019363,22CLC5
22127302,loi364@KHTN,22127302,Lam Uy,Loi,1,06/14/2002,75304019364,22CLC5
22127303,long365@KHTN,22127303,Tran Bao,Long,0,10/18/2001,75304019365,22CLC5
22127304,mai366@KHTN,22127304,Nguyen Huynh Ngoc,Mai,0,06/24/2003,75304019366,22CLC5
22127305,mai367@KHTN,22127305,Nguyen Ngoc,Mai,1,11/02/2001,75304019367,22CLC5
22127306,my368@KHTN,22127306,Pham Thi Thanh,My,0,02/21/2001,75304019368,22CLC5
22127307,nam369@KHTN,22127307,Le Tan,Nam,0,05/16/2001,75304019369,22CLC5
22127308,nga370@KHTN,22127308,Nguyen Quynh,Nga,1,07/26/2002,75304019370,22CLC5
22127309,ngan371@KHTN,22127309,Le Vo Bao,Ngan,0,09/17/2001,75304019371,22CLC5
22127310,ngan372@KHTN,22127310,Luong Tai,Ngan,1,09/11/2001,75304019372,22CLC6
22127311,ngan373@KHTN,22127311,Nguyen Thi Kim,Ngan,1,06/16/2001,75304019373,22CLC6
22127312,ngan374@KHTN,22127312,Phuong Thi Thao,Ngan,1,09/10/2001,75304019374,22CLC6
22127313,nghi375@KHTN,22127313,Nguyen Do Phuong,Nghi,0,10/08/2001,75304019375,22CLC6
22127314,ngoc376@KHTN,22127314,Le Hong,Ngoc,1,07/08/2003,75304019376,22CLC6
22127315,ngoc377@KHTN,22127315,Nguyen Dang Phuong,Ngoc,1,02/08/2003,75304019377,22CLC6
22127316,ngoc378@KHTN,22127316,Ong Thuy,Ngoc,0,01/19/2002,75304019378,22CLC6
22127317,ngoc379@KHTN,22127317,Tao My,Ngoc,1,05/10/2003,75304019379,22CLC6
22127318,nguyen380@KHTN,22127318,Pham Vo Nhu,Nguyen,0,07/16/2003,75304019380,22CLC6
22127319,nhan381@KHTN,22127319,Huynh Thanh,Nhan,0,05/04/2001,75304019381,22CLC6
22127320,nhan382@KHTN,22127320,Truong Nguyen Thanh,Nhan,0,10/18/2001,75304019382,22CLC6
22127321,nhi383@KHTN,22127321,Chau Man,Nhi,1,07/07/2002,75304019383,22CLC6
22127322,nhi384@KHTN,22127322,Doan Thi Tuyet,Nhi,0,02/18/2001,75304019384,22CLC6
22127323,nhi385@KHTN,22127323,Luong Ngoc Lan,Nhi,1,09/11/2001,75304019385,22CLC6
22127324,nhi386@KHTN,22127324,Vo Le Van,Nhi,0,09/17/2002,75304019386,22CLC6
22127325,nhu387@KHTN,22127325,Tran Huynh,Nhu,0,04/04/2002,75304019387,22CLC6
22127326,quang388@KHTN,22127326,Le Minh,Quang,1,02/01/2003,75304019388,22CLC6
22127327,quang389@KHTN,22127327,Do Dang,Quang,0,11/17/2001,75304019389,22CLC6
22127328,quy390@KHTN,22127328,Dang Thi Kim,Quy,1,03/13/2003,75304019390,22CLC6
22127329,quyen391@KHTN,22127329,Truong Thi Truc,Quyen,0,03/20/2002,75304019391,22CLC6
22127330,quynh392@KHTN,22127330,Huynh Ngoc Diem,Quynh,0,03/05/2002,75304019392,22CLC6
22127331,tan393@KHTN,22127331,Nguyen Quoc Khanh,Tan,0,11/08/2003,75304019393,22CLC6
22127332,thang394@KHTN,22127332,Le Quang,Thang,0,09/26/2001,75304019394,22CLC6
22127333,thanh395@KHTN,22127333,Vo Thi Nhat,Thanh,1,02/15/2001,75304019395,22CLC6
22127334,thien396@KHTN,22127334,Nguyen Van,Thien,0,06/26/2002,75304019396,22CLC6
22127335,thu397@KHTN,22127335,Huynh Le Anh,Thu,0,05/16/2003,75304019397,22CLC6
22127336,thu398@KHTN,22127336,Nguyen Minh,Thu,1,04/17/2001,75304019398,22CLC6
22127337,thu399@KHTN,22127337,Vo Thi Kim,Thu,0,01/23/2003,75304019399,22CLC6
22127338,thuy400@KHTN,22127338,Tran Thanh,Thuy,0,11/04/2001,75304019400,22CLC6
22127339,thuy401@KHTN,22127339,Ly Thanh,Thuy,1,06/04/2001,75304019401,22CLC6
22127340,toan402@KHTN,22127340,Le Bao,Toan,0,11/14/2003,75304019402,22CLC6
22127341,tram403@KHTN,22127341,Pham Le Mai,Tram,1,07/19/2002,75304019403,22CLC6
22127342,tran404@KHTN,22127342,Tran Thao Bao,Tran,0,08/04/2001,75304019404,22CLC6
22127343,tran405@KHTN,22127343,Tran Van My,Tran,0,04/21/2003,75304019405,22CLC6
22127344,trang406@KHTN,22127344,Nguyen Thi Thuy,Trang,0,07/14/2001,75304019406,22CLC6
22127345,tri407@KHTN,22127345,Nguyen Le Minh,Tri,1,01/09/2002,75304019407,22CLC6
22127346,tuan408@KHTN,22127346,Nguyen Quang,Tuan,1,06/03/2003,75304019408,22CLC6
22127347,tung409@KHTN,22127347,Mai Quoc,Tung,0,01/04/2002,75304019409,22CLC6
22127348,tuyen410@KHTN,22127348,Lam Boi,Tuyen,1,03/20/2003,75304019410,22CLC6
22127349,tuyen411@KHTN,22127349,Luong Ngoc,Tuyen,0,08/27/2003,75304019411,22CLC6
22127350,tuyen412@KHTN,22127350,Tran Ngoc Thanh,Tuyen,0,02/16/2002,75304019412,22CLC6
22127351,tuyet413@KHTN,22127351,Nguyen Thi Anh,Tuyet,0,08/04/2001,75304019413,22CLC6
22127352,uyen414@KHTN,22127352,Mai Hoang Hai,Uyen,1,05/15/2003,75304019414,22CLC6
22127353,uyen415@KHTN,22127353,Nguyen Thi Phuong,Uyen,1,01/10/2003,75304019415,22CLC6
22127354,uyen416@KHTN,22127354,Nguyen Tram Vu,Uyen,1,02/26/2002,75304019416,22CLC6
22127355,viet417@KHTN,22127355,Thai,Viet,1,05/11/2002,75304019417,22CLC6
22127356,vinh418@KHTN,22127356,Tran Kien,Vinh,1,07/28/2001,75304019418,22CLC6
22127357,vinh419@KHTN,22127357,Vo Quang,Vinh,1,04/21/2003,75304019419,22CLC6
22127358,vy420@KHTN,22127358,Le Tuyet,Vy,1,02/09/2001,75304019420,22CLC6
22127359,vy421@KHTN,22127359,Pham Khanh,Vy,0,03/10/2002,75304019421,22CLC6
22127360,vy422@KHTN,22127360,Van Tuong,Vy,1,07/19/2002,75304019422,22CLC6
22127361,y423@KHTN,22127361,Pham Thi Kim,Y,0,05/22/2001,75304019423,22CLC6
22127362,huy424@KHTN,22127362,Doan Quoc,Huy,1,07/04/2001,75304019424,22CLC6
22127363,khang425@KHTN,22127363,Nguyen Duong,Khang,1,06/26/2003,75304019425,22CLC6
22127364,chuong426@KHTN,22127364,Le Hoang,Chuong,0,12/28/2001,75304019426,22CLC6
22127365,hung427@KHTN,22127365,Tran Phuc,Hung,1,05/17/2002,75304019427,22CLC6
22127366,khue428@KHTN,22127366,Le Nguyen Anh,Khue,0,06/03/2001,75304019428,22CLC6
22127367,vy429@KHTN,22127367,Nguyen Gia,Vy,1,11/12/2001,75304019429,22CLC6
22127368,anh430@KHTN,22127368,Le Thi Hong,Anh,0,10/24/2003,75304019430,22CLC6
22127369,diep431@KHTN,22127369,Phan Nguyen Ngoc,Diep,0,04/12/2003,75304019431,22CLC7
22127370,nghi432@KHTN,22127370,Van Thanh,Nghi,1,05/08/2003,75304019432,22CLC7
22127371,phong433@KHTN,22127371,Luu Tan,Phong,0,03/20/2003,75304019433,22CLC7
22127372,quynh434@KHTN,22127372,Le Tan Bao,Quynh,0,07/21/2001,75304019434,22CLC7
22127373,thanh435@KHTN,22127373,Nguyen Ngoc Trang,Thanh,0,06/15/2001,75304019435,22CLC7
22127374,tram436@KHTN,22127374,Nguyen Ngoc,Tram,0,02/25/2002,75304019436,22CLC7
22127375,han437@KHTN,22127375,Nguyen Ngoc,Han,1,06/17/2003,75304019437,22CLC7
22127376,man438@KHTN,22127376,Tran Trieu,Man,0,09/09/2003,75304019438,22CLC7
22127377,an439@KHTN,22127377,Nguyen Huu,An,1,05/15/2001,75304019439,22CLC7
22127378,anh440@KHTN,22127378,Tran Thi Kim,Anh,1,06/18/2003,75304019440,22CLC7
22127379,anh441@KHTN,22127379,Vu Thi Phuong,Anh,0,11/20/2003,75304019441,22CLC7
22127380,bao442@KHTN,22127380,Vo Hoang Gia,Bao,1,01/08/2001,75304019442,22CLC7
22127381,binh443@KHTN,22127381,Nguyen Thi Thuy,Binh,0,01/14/2001,75304019443,22CLC7
22127382,dac444@KHTN,22127382,Nguyen Than,Dac,1,08/23/2001,75304019444,22CLC7
22127383,dung445@KHTN,22127383,Tran Ngoc Kim,Dung,0,01/11/2003,75304019445,22CLC7
22127384,duong446@KHTN,22127384,Do Vu Anh,Duong,1,09/13/2001,75304019446,22CLC7
22127385,duyen447@KHTN,22127385,Pham Thi My,Duyen,0,03/08/2001,75304019447,22CLC7
22127386,duyen448@KHTN,22127386,Tran Thi My,Duyen,0,02/10/2001,75304019448,22CLC7
22127387,ghi449@KHTN,22127387,Le Kha,Ghi,0,06/16/2001,75304019449,22CLC7
22127388,han450@KHTN,22127388,Nguyen Ngoc Quynh,Han,1,08/27/2002,75304019450,22CLC7
22127389,hang451@KHTN,22127389,Tran Thu,Hang,0,08/19/2002,75304019451,22CLC7
22127390,hoang452@KHTN,22127390,Pham Huy,Hoang,0,09/24/2002,75304019452,22CLC7
22127391,huy453@KHTN,22127391,Nguyen Khanh,Huy,1,12/26/2002,75304019453,22CLC7
22127392,huyen454@KHTN,22127392,Nguyen Thu,Huyen,1,11/17/2001,75304019454,22CLC7
22127393,khanh455@KHTN,22127393,Mai Hoang,Khanh,0,03/24/2003,75304019455,22CLC7
22127394,khanh456@KHTN,22127394,Nguyen Phuong,Khanh,1,02/15/2001,75304019456,22CLC7
22127395,linh457@KHTN,22127395,Huynh Ngoc,Linh,0,12/11/2001,75304019457,22CLC7
22127396,linh458@KHTN,22127396,Nguyen Le Giang,Linh,1,10/02/2002,75304019458,22CLC7
22127397,nga459@KHTN,22127397,Ho Thi Phuong,Nga,1,02/21/2002,75304019459,22CLC7
22127398,ngan460@KHTN,22127398,Le Thanh,Ngan,0,04/18/2001,75304019460,22CLC7
22127399,ngan461@KHTN,22127399,Nguyen Vu Kim,Ngan,0,01/09/2001,75304019461,22CLC7
22127400,ngan462@KHTN,22127400,Pham Hoang Duy,Ngan,1,01/15/2003,75304019462,22CLC7
22127401,nghi463@KHTN,22127401,Nguyen Truong Le,Nghi,0,01/26/2001,75304019463,22CLC7
22127402,nhan464@KHTN,22127402,Le Hung Thien,Nhan,1,05/14/2001,75304019464,22CLC7
22127403,nhi465@KHTN,22127403,Au Ngoc Yen,Nhi,0,06/25/2001,75304019465,22CLC7
22127404,nhi466@KHTN,22127404,Doan Ngoc Yen,Nhi,0,10/26/2002,75304019466,22CLC7
22127405,nhi467@KHTN,22127405,Hoang Le Uyen,Nhi,0,09/25/2002,75304019467,22CLC7
22127406,nhi468@KHTN,22127406,Nguyen Hoang Minh,Nhi,0,02/14/2002,75304019468,22CLC7
22127407,phu469@KHTN,22127407,Le Thinh,Phu,0,01/22/2001,75304019469,22CLC7
22127408,phuong470@KHTN,22127408,Nguyen Bich,Phuong,0,06/24/2001,75304019470,22CLC7
22127409,thuy471@KHTN,22127409,Nguyen Ngoc Phuong,Thuy,0,06/22/2001,75304019471,22CLC7
22127410,quynh472@KHTN,22127410,Nguyen Nhu,Quynh,1,10/18/2002,75304019472,22CLC7
22127411,tam473@KHTN,22127411,Nguyen Thi Thanh,Tam,1,03/13/2002,75304019473,22CLC7
22127412,tan474@KHTN,22127412,Dang Luong,Tan,1,01/10/2002,75304019474,22CLC7
22127413,thang475@KHTN,22127413,Tran Quoc,Thang,1,12/04/2003,75304019475,22CLC7
22127414,thanh476@KHTN,22127414,Pham Huynh Phuong,Thanh,1,11/11/2003,75304019476,22CLC7
22127415,minh477@KHTN,22127415,Nguyen Thi Thao,Minh,1,02/16/2001,75304019477,22CLC7
22127416,thi478@KHTN,22127416,Tran Xuan Khanh,Thi,0,01/19/2001,75304019478,22CLC7
22127417,thu479@KHTN,22127417,Duong Yen,Thu,0,10/08/2003,75304019479,22CLC8
22127418,thuan480@KHTN,22127418,Nguyen Tan,Thuan,1,04/17/2002,75304019480,22CLC8
22127419,thuong481@KHTN,22127419,Pham Hoai,Thuong,1,12/19/2001,75304019481,22CLC8
22127420,thy482@KHTN,22127420,Nguyen Khanh,Thy,0,01/15/2002,75304019482,22CLC8
22127421,tinh483@KHTN,22127421,Pham Trong,Tinh,0,04/17/2003,75304019483,22CLC8
22127422,lam484@KHTN,22127422,Nguyen To,Lam,1,10/10/2003,75304019484,22CLC8
22127423,trang485@KHTN,22127423,Tran Huyen,Trang,0,04/07/2003,75304019485,22CLC8
22127424,trieu486@KHTN,22127424,Nguyen Phan Thuy,Trieu,0,05/09/2001,75304019486,22CLC8
22127425,truc487@KHTN,22127425,Cao Thanh,Truc,1,05/27/2003,75304019487,22CLC8
22127426,vy488@KHTN,22127426,Nguyen Ngoc Thao,Vy,0,02/11/2003,75304019488,22CLC8
22127427,vy489@KHTN,22127427,Nguyen Tran Tuong,Vy,1,06/12/2001,75304019489,22CLC8
22127428,vy490@KHTN,22127428,Quach Trieu,Vy,1,03/21/2002,75304019490,22CLC8
22127429,ngan491@KHTN,22127429,Nguyen Hong,Ngan,0,04/09/2002,75304019491,22CLC8
22127430,anh492@KHTN,22127430,Ngo Minh,Anh,0,08/15/2001,75304019492,22CLC8
22127431,anh493@KHTN,22127431,Pham Le Van,Anh,0,08/02/2002,75304019493,22CLC8
22127432,dung494@KHTN,22127432,Pham Dang Phuong,Dung,0,09/05/2001,75304019494,22CLC8
22127433,duy495@KHTN,22127433,Dang Tran,Duy,1,10/13/2001,75304019495,22CLC8
22127434,duy496@KHTN,22127434,Nguyen Phuc Thien,Duy,0,12/19/2001,75304019496,22CLC8
22127435,hai497@KHTN,22127435,Ta Trung,Hai,1,06/23/2003,75304019497,22CLC8
22127436,hau498@KHTN,22127436,Nguyen Ngoc,Hau,1,01/07/2003,75304019498,22CLC8
22127437,hieu499@KHTN,22127437,Le Trung,Hieu,1,07/26/2002,75304019499,22CLC8
22127438,huy500@KHTN,22127438,Dang Pham Hoang,Huy,0,03/01/2003,75304019500,22CLC8
22127439,khoa501@KHTN,22127439,Le Van Minh,Khoa,0,04/04/2003,75304019501,22CLC8
22127440,khoi502@KHTN,22127440,Nguyen Dang,Khoi,1,04/01/2002,75304019502,22CLC8
22127441,khue503@KHTN,22127441,Tran Ngo Minh,Khue,1,05/02/2002,75304019503,22CLC8
22127442,linh504@KHTN,22127442,Nguyen Khanh,Linh,1,06/26/2003,75304019504,22CLC8
22127443,long505@KHTN,22127443,Nguyen Duc,Long,0,01/13/2001,75304019505,22CLC8
22127444,ngan506@KHTN,22127444,Truong Phuc Thoai,Ngan,0,12/24/2002,75304019506,22CLC8
22127445,ngu507@KHTN,22127445,Nguyen Khac,Ngu,0,02/11/2003,75304019507,22CLC8
22127446,nhat508@KHTN,22127446,Nguyen Hoang,Nhat,1,04/12/2003,75304019508,22CLC8
22127447,phan509@KHTN,22127447,Vu Nguyen Ngoc,Phan,0,07/19/2002,75304019509,22CLC8
22127448,quang510@KHTN,22127448,Nguyen Nhat,Quang,0,03/11/2002,75304019510,22CLC8
22127449,thu511@KHTN,22127449,Vu Ngoc Anh,Thu,0,06/28/2001,75304019511,22CLC8
22127450,triet512@KHTN,22127450,Le Minh,Triet,1,08/16/2002,75304019512,22CLC8
22127451,tu513@KHTN,22127451,Do Thi Minh,Tu,1,02/03/2002,75304019513,22CLC8
22127452,uyen514@KHTN,22127452,Vo Hoang Phuong,Uyen,1,03/24/2002,75304019514,22CLC8
22127453,van515@KHTN,22127453,Tran Bach,Van,0,01/27/2003,75304019515,22CLC8
22127454,vu516@KHTN,22127454,Pham Quang,Vu,0,11/13/2001,75304019516,22CLC8
22127455,vy517@KHTN,22127455,Le Ngoc Yen,Vy,0,01/23/2002,75304019517,22CLC8
22127456,yen518@KHTN,22127456,Huynh Nguyen Song,Yen,1,08/22/2001,75304019518,22CLC8
22127457,dung519@KHTN,22127457,Le Quang,Dung,0,10/01/2002,75304019519,22CLC8
22127458,hau520@KHTN,22127458,Phan Trung,Hau,1,10/11/2003,75304019520,22CLC8
22127459,thinh521@KHTN,22127459,Nguyen An,Thinh,0,11/05/2002,75304019521,22CLC8
22127460,truong522@KHTN,22127460,Vang Phi,Truong,1,09/25/2003,75304019522,22CLC8
22127461,tuong523@KHTN,22127461,Tran Le Cat,Tuong,1,10/18/2002,75304019523,22CLC8
22127462,yen524@KHTN,22127462,Ta Ly Hong,Yen,1,12/09/2002,75304019524,22CLC8
22127463,ai525@KHTN,22127463,Nguyen Truong Minh,Ai,0,04/28/2003,75304019525,22CLC8
22127464,an526@KHTN,22127464,Huynh Quoc,An,0,03/13/2003,75304019526,22CLC8
22127465,an527@KHTN,22127465,Nguyen Thi Thuy,An,1,05/21/2003,75304019527,22CLC8
22127466,an528@KHTN,22127466,Nguyen Truong,An,0,07/08/2003,75304019528,22CLC8
22127467,an529@KHTN,22127467,Cao Hoang Thien,An,0,06/01/2003,75304019529,22CLC8
22127468,anh530@KHTN,22127468,Huynh Nguyen Bao,Anh,1,02/21/2002,75304019530,22CLC8
22127469,anh531@KHTN,22127469,Huynh Nhat,Anh,1,06/23/2002,75304019531,22CLC8
22127470,anh532@KHTN,22127470,Mai Hong,Anh,0,01/14/2001,75304019532,22CLC8
22127471,bao533@KHTN,22127471,Le Chieu,Bao,0,10/09/2002,75304019533,22CLC8
22127472,cong534@KHTN,22127472,Le Thanh,Cong,0,06/15/2001,75304019534,22CLC8
22127473,danh535@KHTN,22127473,Ly Thanh,Danh,0,09/28/2001,75304019535,22CLC8
22127474,dao536@KHTN,22127474,Nguyen Anh,Dao,0,08/25/2003,75304019536,22CLC8
22127475,dat537@KHTN,22127475,Nguyen Huynh Quoc,Dat,1,04/18/2002,75304019537,22CLC8
22127476,dat538@KHTN,22127476,Nguyen Tran Tien,Dat,0,07/02/2002,75304019538,22CLC8
22127477,do539@KHTN,22127477,Tran Van,Do,0,02/28/2001,75304019539,22CLC8
22127478,dung540@KHTN,22127478,Truong Tien,Dung,1,06/19/2003,75304019540,22CLC8
22127479,duong541@KHTN,22127479,Nguyen Thanh,Duong,1,07/02/2002,75304019541,22CLC9
22127480,duy542@KHTN,22127480,Le Nguyen Tuong,Duy,0,02/10/2003,75304019542,22CLC9
22127481,duyen543@KHTN,22127481,Le Thi Thuy,Duyen,1,09/04/2002,75304019543,22CLC9
22127482,giang544@KHTN,22127482,Huynh Thi Kim,Giang,0,11/15/2003,75304019544,22CLC9
22127483,giang545@KHTN,22127483,Vo Truong,Giang,1,09/24/2001,75304019545,22CLC9
22127484,ha546@KHTN,22127484,Vu Lan,Ha,1,08/08/2001,75304019546,22CLC9
22127485,ha547@KHTN,22127485,Nguyen Doan Nhat,Ha,1,11/15/2003,75304019547,22CLC9
22127486,hai548@KHTN,22127486,Ly Tien,Hai,0,02/01/2002,75304019548,22CLC9
22127487,hai549@KHTN,22127487,Phung Minh,Hai,1,12/08/2003,75304019549,22CLC9
22127488,hang550@KHTN,22127488,Ha Thi,Hang,1,06/04/2001,75304019550,22CLC9
22127489,hanh551@KHTN,22127489,Tran Thi My,Hanh,1,02/12/2002,75304019551,22CLC9
22127490,hao552@KHTN,22127490,Le Tu Hoang,Hao,0,07/18/2001,75304019552,22CLC9
22127491,hau553@KHTN,22127491,Nguyen,Hau,1,11/22/2002,75304019553,22CLC9
22127492,hien554@KHTN,22127492,Nguyen Thi Thanh,Hien,0,07/14/2001,75304019554,22CLC9
22127493,hieu555@KHTN,22127493,Nguyen Phan Ngoc,Hieu,1,11/15/2001,75304019555,22CLC9
22127494,hieu556@KHTN,22127494,Huynh Ngoc Khanh,Hieu,0,10/10/2003,75304019556,22CLC9
22127495,hung557@KHTN,22127495,Nguyen Quang,Hung,0,02/05/2003,75304019557,22CLC9
22127496,huong558@KHTN,22127496,Nguyen Thao,Huong,1,01/19/2001,75304019558,22CLC9
22127497,huy559@KHTN,22127497,Le Phat,Huy,0,04/19/2003,75304019559,22CLC9
22127498,huy560@KHTN,22127498,Tran,Huy,0,09/05/2003,75304019560,22CLC9
22127499,huyen561@KHTN,22127499,Huynh Thi Mai,Huyen,1,02/28/2002,75304019561,22CLC9
22127500,huyen562@KHTN,22127500,Vo Ngoc Bich,Huyen,1,05/11/2002,75304019562,22CLC9