username,password,studentID,firstname,lastname,gender(0-male/1-female),DateofBirth(mm/dd/yyyy),socialID,CLASS
21140014,an562@KHTN,21140014,Huynh Dinh Gia,An,0,11/18/2002,75304018562,22CLC2
21140018,anh563@KHTN,21140018,Quan Vu Hoang,Anh,0,01/01/2002,75304018563,22CLC2
21140019,anh564@KHTN,21140019,Nguyen Truong Ngoc,Anh,1,09/07/2003,75304018564,22CLC2
21140021,binh565@KHTN,21140021,Nguyen Thuc Luong,Binh,0,12/19/2003,75304018565,22CLC2
21140023,cong566@KHTN,21140023,Nguyen Thanh,Cong,0,04/03/2001,75304018566,22CLC2
21140024,danh567@KHTN,21140024,Do Thanh,Danh,0,02/04/2002,75304018567,22CLC2
21140027,dong568@KHTN,21140027,Dam Chanh,Dong,1,04/22/2003,75304018568,22CLC2
21140032,giau569@KHTN,21140032,Cung Kim,Giau,0,07/22/2001,75304018569,22CLC2
21140033,ha570@KHTN,21140033,Nguyen Thi Thu,Ha,1,09/02/2001,75304018570,22CLC2
21140039,hoa571@KHTN,21140039,Pham Thanh,Hoa,0,02/19/2002,75304018571,22CLC2
21140044,hung572@KHTN,21140044,Phan Tan,Hung,0,05/05/2002,75304018572,22CLC2
21140046,huy573@KHTN,21140046,Nguyen Thi Kim,Huy,1,12/13/2003,75304018573,22CLC2
21140052,lam574@KHTN,21140052,Tran Mai,Lam,1,10/26/2002,75304018574,22CLC2
21140055,linh575@KHTN,21140055,Nguyen Ngoc Phuong,Linh,0,05/19/2001,75304018575,22CLC2
21140059,ly576@KHTN,21140059,Nguyen Thi Truc,Ly,0,07/18/2002,75304018576,22CLC2
21140060,anh577@KHTN,21140060,Vu Thi Mai,Anh,0,04/21/2002,75304018577,22CLC2
21140065,my578@KHTN,21140065,Tran Le Ha,My,0,11/06/2001,75304018578,22CLC2
21140067,ngan579@KHTN,21140067,Du Long,Ngan,1,08/02/2003,75304018579,22CLC2
21140069,ngan580@KHTN,21140069,Tran Ngoc Kim,Ngan,0,04/12/2003,75304018580,22CLC2
21140073,nguyen581@KHTN,21140073,Do Ky,Nguyen,0,11/11/2002,75304018581,22CLC2
21140081,nhu582@KHTN,21140081,Do Tam,Nhu,1,09/14/2001,75304018582,22CLC2
21140083,nhu583@KHTN,21140083,Pham Ngoc To,Nhu,1,06/22/2002,75304018583,22CLC2
21140084,nhu584@KHTN,21140084,Pham Thuy,Nhu,0,04/16/2001,75304018584,22CLC2
21140091,phuong585@KHTN,21140091,Dao Le Uyen,Phuong,0,10/07/2002,75304018585,22CLC2
21140094,qui586@KHTN,21140094,Pham Thi Nhu,Qui,0,02/11/2001,75304018586,22CLC2
21140097,quynh587@KHTN,21140097,Le Diem,Quynh,0,07/11/2001,75304018587,22CLC2
21140105,thao588@KHTN,21140105,Pham Kim,Thao,0,01/19/2003,75304018588,22CLC2
21140106,thao589@KHTN,21140106,Pham Thanh,Thao,1,07/04/2002,75304018589,22CLC2
21140107,thao590@KHTN,21140107,Vu Thanh,Thao,0,12/26/2002,75304018590,22CLC2
21140110,thien591@KHTN,21140110,Nguyen Phuc,Thien,1,07/02/2001,75304018591,22CLC2
21140111,tai592@KHTN,21140111,Tran Vuong Thien,Tai,1,07/21/2002,75304018592,22CLC2
21140112,thong593@KHTN,21140112,Sy Huu,Thong,1,06/11/2002,75304018593,22CLC2
21140113,thu594@KHTN,21140113,Nguyen Ngoc Minh,Thu,0,07/23/2002,75304018594,22CLC2
21140116,thy595@KHTN,21140116,Nguyen Dinh Uyen,Thy,0,11/14/2003,75304018595,22CLC2
21140124,truc596@KHTN,21140124,Phan Nguyen Thanh,Truc,1,08/15/2002,75304018596,22CLC2
21140129,tuyet597@KHTN,21140129,Nguyen Doanh Xuan,Tuyet,1,06/02/2003,75304018597,22CLC2
21140130,uyen598@KHTN,21140130,Vo Hoang Phuong,Uyen,1,11/05/2001,75304018598,22CLC2
21140134,vy599@KHTN,21140134,Pham Vo Thuy,Vy,0,10/24/2003,75304018599,22CLC2
21140135,xuyen600@KHTN,21140135,Ha My,Xuyen,0,04/16/2001,75304018600,22CLC2
21140137,yen601@KHTN,21140137,Tran Pham Hoang,Yen,1,09/11/2003,75304018601,22CLC2
21140140,thu602@KHTN,21140140,Trinh Tran Anh,Thu,0,06/10/2002,75304018602,22CLC2
21140142,an603@KHTN,21140142,Vu Le,An,0,03/09/2002,75304018603,22CLC2
21140143,anh604@KHTN,21140143,Le Quynh,Anh,1,04/06/2001,75304018604,22CLC2
21140146,anh605@KHTN,21140146,Nguyen Vy,Anh,1,04/16/2002,75304018605,22CLC2
21140155,binh606@KHTN,21140155,Mac Quang,Binh,0,11/28/2001,75304018606,22CLC2
21140163,dat607@KHTN,21140163,Tran Minh,Dat,0,12/21/2002,75304018607,22CLC2
21140167,dung608@KHTN,21140167,Truong My,Dung,1,08/18/2002,75304018608,22CLC2
21140178,giang609@KHTN,21140178,Pham Thi Truc,Giang,0,12/05/2001,75304018609,22CLC2
21140181,han610@KHTN,21140181,Nguyen Huynh Bao,Han,0,04/05/2001,75304018610,22CLC2
21140182,hanh611@KHTN,21140182,Ta Le Ngoc,Hanh,0,06/19/2001,75304018611,22CLC2
123456,Hop789@KHTN,123456,Le Quang,Hop,1,03/11/1999,123456789,22CLC2
21140183,hao612@KHTN,21140183,Huynh Ngoc,Hao,0,12/19/2002,75304018612,22CLC3
21140195,kha613@KHTN,21140195,Lam Vy,Kha,1,11/20/2003,75304018613,22CLC3
21140200,khoa614@KHTN,21140200,Le Nguyen Yen,Khoa,1,05/25/2003,75304018614,22CLC3
21140210,linh615@KHTN,21140210,Truong Tran Ngoc,Linh,0,11/13/2002,75304018615,22CLC3
21140212,long616@KHTN,21140212,Dinh Nam,Long,0,08/10/2003,75304018616,22CLC3
21140213,long617@KHTN,21140213,Tran Huynh,Long,1,06/20/2002,75304018617,22CLC3
21140216,minh618@KHTN,21140216,Le Dang,Minh,1,10/17/2003,75304018618,22CLC3
21140217,minh619@KHTN,21140217,Nguyen Gia,Minh,0,02/05/2002,75304018619,22CLC3
21140220,ngan620@KHTN,21140220,Pham Thanh,Ngan,1,04/05/2003,75304018620,22CLC3
21140225,nghia621@KHTN,21140225,Vo Duc Trong,Nghia,1,10/21/2003,75304018621,22CLC3
21140226,ngoc622@KHTN,21140226,Dang Huynh Kim,Ngoc,1,07/26/2001,75304018622,22CLC3
21140227,nguyen623@KHTN,21140227,Chiem Gia,Nguyen,1,10/25/2002,75304018623,22CLC3
21140233,nhan624@KHTN,21140233,Le Duc,Nhan,1,01/08/2001,75304018624,22CLC3
21140236,nhi625@KHTN,21140236,Mai Thi Yen,Nhi,1,08/23/2001,75304018625,22CLC3
21140245,oanh626@KHTN,21140245,Le Ngoc,Oanh,0,07/01/2003,75304018626,22CLC3
21140248,phuc627@KHTN,21140248,Le Truong,Phuc,1,01/27/2002,75304018627,22CLC3
21140252,quang628@KHTN,21140252,Tran Minh,Quang,1,01/01/2001,75304018628,22CLC3
21140254,quynh629@KHTN,21140254,Dao Duc Thuy,Quynh,1,07/25/2003,75304018629,22CLC3
21140257,quynh630@KHTN,21140257,Tran Duc,Quynh,1,10/04/2001,75304018630,22CLC3
21140258,quynh631@KHTN,21140258,Tran Phuong,Quynh,1,01/15/2002,75304018631,22CLC3
21140261,tam632@KHTN,21140261,Le Nguyen My,Tam,0,12/04/2003,75304018632,22CLC3
21140265,thanh633@KHTN,21140265,Huynh Thi Thuy,Thanh,0,08/24/2003,75304018633,22CLC3
21140266,thanh634@KHTN,21140266,Phan Thi Thu,Thanh,1,12/01/2002,75304018634,22CLC3
21140272,thao635@KHTN,21140272,Nguyen Phuong,Thao,0,07/17/2003,75304018635,22CLC3
21140273,thao636@KHTN,21140273,Nguyen Thi Phuong,Thao,1,07/12/2002,75304018636,22CLC3
21140276,thong637@KHTN,21140276,Huynh Le Ngoc,Thong,1,10/15/2002,75304018637,22CLC3
21140277,thu638@KHTN,21140277,Nguyen Thiet Minh,Thu,1,04/18/2001,75304018638,22CLC3
21140278,thu639@KHTN,21140278,Nguyen Tran Minh,Thu,0,04/12/2002,75304018639,22CLC3
21140282,thuy640@KHTN,21140282,Lai Le Nhu,Thuy,0,01/18/2003,75304018640,22CLC3
21140290,truc641@KHTN,21140290,Nguyen Thi Chanh,Truc,0,07/05/2001,75304018641,22CLC3
21140294,tuyen642@KHTN,21140294,Nguyen Thi Thanh,Tuyen,1,08/23/2002,75304018642,22CLC3
21140300,vy643@KHTN,21140300,Diep Thi Thuy,Vy,0,12/03/2002,75304018643,22CLC3
21140302,vy644@KHTN,21140302,Hoang Dieu Thao,Vy,0,05/11/2001,75304018644,22CLC3
21140306,y645@KHTN,21140306,Huynh Nhu,Y,1,02/17/2002,75304018645,22CLC3
21140312,bao646@KHTN,21140312,Vuong Gia,Bao,1,06/15/2003,75304018646,22CLC3
21140319,an647@KHTN,21140319,Nguyen Thi Quynh,An,1,11/12/2002,75304018647,22CLC3
21140321,anh648@KHTN,21140321,Do Hoai My,Anh,0,01/16/2001,75304018648,22CLC3
21140322,anh649@KHTN,21140322,Nguyen Duc,Anh,0,06/15/2001,75304018649,22CLC3
21140323,anh650@KHTN,21140323,Nguyen Thi Minh,Anh,1,08/05/2003,75304018650,22CLC3
21140326,ban651@KHTN,21140326,Tran,Ban,0,12/20/2003,75304018651,22CLC3
21140327,bao652@KHTN,21140327,Pham Thien,Bao,0,11/06/2003,75304018652,22CLC3
21140329,binh653@KHTN,21140329,Nguyen Duong An,Binh,0,06/17/2001,75304018653,22CLC3
21140330,chau654@KHTN,21140330,Nguyen Ngoc Minh,Chau,0,04/09/2003,75304018654,22CLC3
21140331,chi655@KHTN,21140331,Bui Phuoc,Chi,0,10/25/2001,75304018655,22CLC3
21140332,cung656@KHTN,21140332,Duong,Cung,1,11/28/2002,75304018656,22CLC3
21140333,cuong657@KHTN,21140333,Nguyen Nhat,Cuong,0,08/08/2002,75304018657,22CLC3
21140334,cuong658@KHTN,21140334,Trinh Manh,Cuong,0,12/12/2001,75304018658,22CLC3
21140336,dat659@KHTN,21140336,Nguyen Huu,Dat,0,03/24/2001,75304018659,22CLC3
21140357,huy660@KHTN,21140357,Dang Tran Quang,Huy,0,02/28/2003,75304018660,22CLC3
21140358,huy661@KHTN,21140358,Huynh Nhat,Huy,0,08/10/2002,75304018661,22CLC3
21140359,huy662@KHTN,21140359,Tran Van,Huy,1,02/22/2002,75304018662,22CLC4
21140360,huyen663@KHTN,21140360,Do Van,Huyen,1,01/25/2002,75304018663,22CLC4
21140361,huyen664@KHTN,21140361,Nguyen Khanh,Huyen,0,08/15/2002,75304018664,22CLC4
21140362,huyen665@KHTN,21140362,Nguyen Le Minh,Huyen,0,06/09/2003,75304018665,22CLC4
21140363,huyen666@KHTN,21140363,Vu Le Dieu,Huyen,0,10/22/2003,75304018666,22CLC4
21140364,hy667@KHTN,21140364,Dao Hoang Bach,Hy,0,06/03/2003,75304018667,22CLC4
21140365,khang668@KHTN,21140365,Le Nguyen Bao,Khang,0,01/04/2002,75304018668,22CLC4
21140368,lan669@KHTN,21140368,Nguyen Ngoc Quynh,Lan,0,07/25/2002,75304018669,22CLC4
21140369,linh670@KHTN,21140369,Cao Tu,Linh,1,09/08/2003,75304018670,22CLC4
21140371,linh671@KHTN,21140371,Tran Phuong,Linh,0,05/13/2001,75304018671,22CLC4
21140372,linh672@KHTN,21140372,Tran Thi Tu,Linh,0,07/06/2003,75304018672,22CLC4
21140373,loan673@KHTN,21140373,Thai Thi Cam,Loan,0,11/14/2002,75304018673,22CLC4
21140374,long674@KHTN,21140374,Ly Hoang,Long,0,07/08/2002,75304018674,22CLC4
21140375,minh675@KHTN,21140375,Tran Giang Duc,Minh,1,10/27/2002,75304018675,22CLC4
21140377,ngan676@KHTN,21140377,Bui Thi Thanh,Ngan,0,11/07/2002,75304018676,22CLC4
21140378,ngan677@KHTN,21140378,Mai Thi Kim,Ngan,1,08/11/2002,75304018677,22CLC4
21140380,ngan678@KHTN,21140380,Nguyen Ngoc Kim,Ngan,0,12/10/2003,75304018678,22CLC4
21140381,ngan679@KHTN,21140381,Nguyen Thoai,Ngan,0,08/07/2002,75304018679,22CLC4
21140384,ngoc680@KHTN,21140384,Do Le Bao,Ngoc,1,11/24/2003,75304018680,22CLC4
21140385,ngoc681@KHTN,21140385,Luong Nhu,Ngoc,0,11/16/2002,75304018681,22CLC4
21140387,nhan682@KHTN,21140387,Tran Dong Trung,Nhan,1,05/16/2001,75304018682,22CLC4
21140388,nhi683@KHTN,21140388,Bui Phuong,Nhi,0,10/16/2003,75304018683,22CLC4
21140389,nhi684@KHTN,21140389,Nguyen Thi Truc,Nhi,0,09/26/2002,75304018684,22CLC4
21140393,nhu685@KHTN,21140393,Nguyen Thi Huynh,Nhu,1,08/27/2003,75304018685,22CLC4
21140394,oanh686@KHTN,21140394,Le Hoang,Oanh,1,06/18/2003,75304018686,22CLC4
21140395,oanh687@KHTN,21140395,Nguyen Mai Hoang,Oanh,1,03/03/2002,75304018687,22CLC4
21140396,phong688@KHTN,21140396,Phan The,Phong,1,10/01/2002,75304018688,22CLC4
21140397,phu689@KHTN,21140397,Tran Van,Phu,0,12/25/2002,75304018689,22CLC4
21140399,phung690@KHTN,21140399,Huynh Phuong Song,Phung,0,11/07/2001,75304018690,22CLC4
21140400,phuoc691@KHTN,21140400,Trieu My,Phuoc,0,07/02/2002,75304018691,22CLC4
21140401,phuong692@KHTN,21140401,Nguyen Lan,Phuong,1,05/22/2001,75304018692,22CLC4
21140403,quan693@KHTN,21140403,Tran Minh,Quan,1,03/27/2002,75304018693,22CLC4
21140404,qui694@KHTN,21140404,Pham Luc Phu,Qui,1,07/02/2002,75304018694,22CLC4
21140405,quynh695@KHTN,21140405,Nguyen Thi Nhu,Quynh,1,08/24/2002,75304018695,22CLC4
21140406,sang696@KHTN,21140406,Pham Ba Minh,Sang,1,06/08/2002,75304018696,22CLC4
21140408,tam697@KHTN,21140408,Tran Nguyen Tue,Tam,0,11/11/2001,75304018697,22CLC4
21140409,thang698@KHTN,21140409,Phan Duy,Thang,0,11/20/2003,75304018698,22CLC4
21140410,thanh699@KHTN,21140410,Pham Tran Thien,Thanh,1,06/12/2002,75304018699,22CLC4
21140411,thao700@KHTN,21140411,Tran Xuan,Thao,1,02/23/2001,75304018700,22CLC4
21140412,thao701@KHTN,21140412,Hoang Thi Thu,Thao,0,01/17/2001,75304018701,22CLC4
21140413,thao702@KHTN,21140413,Nguyen Phuong,Thao,1,10/17/2001,75304018702,22CLC4
21147008,khang703@KHTN,21147008,Huynh Tran Tuan,Khang,1,05/26/2001,75304018703,22CLC4
21147010,kim704@KHTN,21147010,Nguyen Ngoc Thien,Kim,0,07/24/2003,75304018704,22CLC4
21147013,minh705@KHTN,21147013,Hang Thuy Van,Minh,0,11/21/2001,75304018705,22CLC4
21147017,nha706@KHTN,21147017,Phan Nguyen Thanh,Nha,0,07/24/2003,75304018706,22CLC4
21147020,phung707@KHTN,21147020,Ly The,Phung,1,01/06/2002,75304018707,22CLC4
21147025,vy708@KHTN,21147025,Nguyen Duong Thao,Vy,0,11/20/2001,75304018708,22CLC4
21147027,anh709@KHTN,21147027,Doan Vo Nhat,Anh,0,05/23/2002,75304018709,22CLC4
21147029,anh710@KHTN,21147029,Tran Ngoc,Anh,0,05/28/2001,75304018710,22CLC4
21147033,cong711@KHTN,21147033,Bui Thanh,Cong,1,09/19/2001,75304018711,22CLC4
21147036,dong712@KHTN,21147036,Nguyen Dat,Dong,0,02/22/2002,75304018712,22CLC4
21147038,duong713@KHTN,21147038,Vo Thuy,Duong,0,01/06/2002,75304018713,22CLC5
21147045,hau714@KHTN,21147045,Nguyen Tien,Hau,0,11/11/2003,75304018714,22CLC5
21147049,khanh715@KHTN,21147049,Nguyen Gia,Khanh,0,10/15/2002,75304018715,22CLC5
21147051,kiet716@KHTN,21147051,Hoang Tuan,Kiet,0,03/10/2003,75304018716,22CLC5
21147052,linh717@KHTN,21147052,Hua Man,Linh,0,08/11/2001,75304018717,22CLC5
21147056,minh718@KHTN,21147056,Vo Nguyen Nhat,Minh,0,03/24/2003,75304018718,22CLC5
21147060,nguyen719@KHTN,21147060,Truong Tri,Nguyen,0,07/19/2002,75304018719,22CLC5
21147065,nhu720@KHTN,21147065,Dinh Huynh,Nhu,1,01/17/2001,75304018720,22CLC5
21147066,nhu721@KHTN,21147066,Nguyen Dao Quynh,Nhu,1,10/22/2003,75304018721,22CLC5
21147074,phuoc722@KHTN,21147074,Pham Thanh,Phuoc,0,09/25/2002,75304018722,22CLC5
21147079,thao723@KHTN,21147079,Nguyen Ngoc Nhat,Thao,1,01/20/2003,75304018723,22CLC5
21147080,thao724@KHTN,21147080,Vo Thi Thanh,Thao,1,08/24/2003,75304018724,22CLC5
21147083,thien725@KHTN,21147083,Tran Van,Thien,1,08/17/2002,75304018725,22CLC5
21147084,thu726@KHTN,21147084,Nguyen Dinh Minh,Thu,0,06/24/2003,75304018726,22CLC5
21147089,trang727@KHTN,21147089,Nguyen Ngoc Minh,Trang,1,05/24/2003,75304018727,22CLC5
21147090,trang728@KHTN,21147090,Vo Nguyen Nguyen,Trang,1,06/22/2001,75304018728,22CLC5
21147093,uyen729@KHTN,21147093,Cao Trinh Phuong,Uyen,1,03/19/2001,75304018729,22CLC5
21147094,vy730@KHTN,21147094,Nguyen Hoang Khanh,Vy,1,11/02/2002,75304018730,22CLC5
21147104,ngan731@KHTN,21147104,Nguyen Hoang Bao,Ngan,0,09/24/2001,75304018731,22CLC5
21147106,an732@KHTN,21147106,Nguyen Thanh,An,1,01/11/2001,75304018732,22CLC5
21147108,anh733@KHTN,21147108,Dao Hai,Anh,0,08/19/2003,75304018733,22CLC5
21147109,anh734@KHTN,21147109,Mai Phuong,Anh,1,02/18/2001,75304018734,22CLC5
21147110,bach735@KHTN,21147110,Phan Hoang,Bach,0,12/07/2003,75304018735,22CLC5
21147111,chau736@KHTN,21147111,Nguyen Thuy To,Chau,1,03/09/2001,75304018736,22CLC5
21147112,chi737@KHTN,21147112,Nguyen My,Chi,1,01/05/2002,75304018737,22CLC5
21147113,dat738@KHTN,21147113,Duong Quoc,Dat,0,06/14/2002,75304018738,22CLC5
21147114,diem739@KHTN,21147114,Tran Ngoc Kieu,Diem,0,06/26/2003,75304018739,22CLC5
21147115,dinh740@KHTN,21147115,Thai Moc Quy,Dinh,1,08/26/2003,75304018740,22CLC5
21147116,doan741@KHTN,21147116,Tran Hoang Khanh,Doan,1,08/24/2001,75304018741,22CLC5
21147117,duong742@KHTN,21147117,Le Duc,Duong,1,10/22/2002,75304018742,22CLC5
21147118,duy743@KHTN,21147118,Vu Quang,Duy,0,09/15/2003,75304018743,22CLC5
21147120,han744@KHTN,21147120,Phan Nguyen Ngoc,Han,0,02/24/2001,75304018744,22CLC5
21147121,hang745@KHTN,21147121,Dang Thi Thuy,Hang,0,01/24/2001,75304018745,22CLC5
21147122,hang746@KHTN,21147122,Le Minh,Hang,0,06/09/2001,75304018746,22CLC5
21147123,hieu747@KHTN,21147123,Do Chi,Hieu,0,01/04/2001,75304018747,22CLC5
21147124,huy748@KHTN,21147124,Do Ngoc,Huy,0,03/13/2003,75304018748,22CLC5
21147126,huy749@KHTN,21147126,Truong Huu,Huy,0,01/17/2001,75304018749,22CLC5
21147127,huynh750@KHTN,21147127,Pham,Huynh,1,08/09/2002,75304018750,22CLC5
21147128,khang751@KHTN,21147128,Huynh Huy,Khang,1,12/04/2003,75304018751,22CLC5
21147129,khanh752@KHTN,21147129,Pham Nguyen Huong,Khanh,1,09/26/2002,75304018752,22CLC5
21147130,khanh753@KHTN,21147130,Tran Hong,Khanh,0,09/21/2002,75304018753,22CLC5
21147131,lam754@KHTN,21147131,Tran Quoc,Lam,1,05/18/2003,75304018754,22CLC5
21147132,linh755@KHTN,21147132,Diep Gia,Linh,0,01/09/2003,75304018755,22CLC5
21147133,linh756@KHTN,21147133,Huynh Gia,Linh,1,12/15/2001,75304018756,22CLC5
21147134,linh757@KHTN,21147134,Tong Khanh,Linh,0,12/10/2002,75304018757,22CLC5
21147136,mai758@KHTN,21147136,Nguyen Hoang Xuan,Mai,1,12/27/2002,75304018758,22CLC5
21147137,mai759@KHTN,21147137,Nguyen Huynh,Mai,0,12/16/2003,75304018759,22CLC5
21147138,mai760@KHTN,21147138,Nguyen Ngoc Xuan,Mai,0,11/12/2001,75304018760,22CLC6
21147139,minh761@KHTN,21147139,Dao Bao,Minh,1,09/05/2003,75304018761,22CLC6
21147140,my762@KHTN,21147140,Pham Thi Tra,My,1,07/15/2002,75304018762,22CLC6
21147141,nga763@KHTN,21147141,Nguyen Mai Ngoc,Nga,1,11/14/2001,75304018763,22CLC6
21147142,ngan764@KHTN,21147142,Nguyen Thi Kim,Ngan,1,11/05/2001,75304018764,22CLC6
21147143,ngao765@KHTN,21147143,Nguyen Van,Ngao,1,06/20/2001,75304018765,22CLC6
21147144,ngoc766@KHTN,21147144,Pham Hong,Ngoc,1,01/27/2001,75304018766,22CLC6
21147145,nhat767@KHTN,21147145,Luong Minh,Nhat,1,04/08/2001,75304018767,22CLC6
21147146,nhat768@KHTN,21147146,Pham Minh,Nhat,0,06/09/2002,75304018768,22CLC6
21147147,nhi769@KHTN,21147147,Le Nhat Yen,Nhi,0,02/26/2003,75304018769,22CLC6
21147148,nhi770@KHTN,21147148,Pham Thi Thanh,Nhi,1,08/11/2003,75304018770,22CLC6
21147149,nhi771@KHTN,21147149,Tran Minh Tuyet,Nhi,1,07/08/2003,75304018771,22CLC6
21147150,nhi772@KHTN,21147150,Tran Nguyen Yen,Nhi,1,09/15/2003,75304018772,22CLC6
21147151,nhu773@KHTN,21147151,Huynh Nguyen Thanh,Nhu,0,01/19/2002,75304018773,22CLC6
21147152,nhu774@KHTN,21147152,Nguyen Phan Quynh,Nhu,0,02/04/2003,75304018774,22CLC6
21147153,nhu775@KHTN,21147153,Ton Nguyen Phuong,Nhu,0,08/22/2002,75304018775,22CLC6
21147155,phuc776@KHTN,21147155,Le Huu,Phuc,1,11/02/2003,75304018776,22CLC6
21147156,phuc777@KHTN,21147156,Le Huynh,Phuc,0,01/21/2002,75304018777,22CLC6
21147157,phuong778@KHTN,21147157,Huynh Ai,Phuong,0,10/22/2003,75304018778,22CLC6
21147158,quan779@KHTN,21147158,Nguyen Dinh,Quan,1,09/28/2002,75304018779,22CLC6
21147161,thang780@KHTN,21147161,Nguyen Trong,Thang,0,08/02/2001,75304018780,22CLC6
21147162,thanh781@KHTN,21147162,Nguyen Xuan,Thanh,0,06/12/2003,75304018781,22CLC6
21147163,thao782@KHTN,21147163,Hoang Thi,Thao,1,05/14/2002,75304018782,22CLC6
21147164,thao783@KHTN,21147164,Le Nguyen Lan,Thao,0,01/05/2003,75304018783,22CLC6
21147165,thao784@KHTN,21147165,Trinh Phuong,Thao,0,06/15/2003,75304018784,22CLC6
21147166,thoa785@KHTN,21147166,Nguyen Thi Kim,Thoa,0,06/18/2003,75304018785,22CLC6
21147167,thu786@KHTN,21147167,Nguyen Minh,Thu,0,03/09/2002,75304018786,22CLC6
21147168,thuan787@KHTN,21147168,Doan Minh,Thuan,1,12/05/2002,75304018787,22CLC6
21147169,thy788@KHTN,21147169,Bui Mai,Thy,1,02/19/2001,75304018788,22CLC6
21147170,thy789@KHTN,21147170,Nguyen Anh,Thy,0,08/21/2001,75304018789,22CLC6
21147171,tran790@KHTN,21147171,Pham Doan Tu,Tran,1,06/25/2003,75304018790,22CLC6
21147172,tri791@KHTN,21147172,Nguyen Anh,Tri,1,11/11/2002,75304018791,22CLC6
21147173,trinh792@KHTN,21147173,Lam Pham Tuyet,Trinh,1,07/24/2002,75304018792,22CLC6
21147174,truc793@KHTN,21147174,Nguyen Thanh,Truc,1,03/22/2003,75304018793,22CLC6
21147175,trung794@KHTN,21147175,Vu Thanh,Trung,0,02/14/2001,75304018794,22CLC6
21147176,tu795@KHTN,21147176,Pham Ngoc Minh,Tu,0,02/28/2002,75304018795,22CLC6
21147177,vinh796@KHTN,21147177,Nguyen Bui Duc,Vinh,0,02/05/2001,75304018796,22CLC6
21147178,vy797@KHTN,21147178,Nguyen Phan Thao,Vy,0,06/16/2002,75304018797,22CLC6
21147181,vy798@KHTN,21147181,Le Trieu,Vy,0,07/02/2002,75304018798,22CLC6
21147182,y799@KHTN,21147182,Nguyen Dao Nhu,Y,1,01/08/2002,75304018799,22CLC6
21146036,duy800@KHTN,21146036,Nguyen Hoang,Duy,1,11/25/2002,75304018800,22CLC6
21146039,giang801@KHTN,21146039,Vu Le,Giang,1,10/14/2001,75304018801,22CLC6
21146040,hai802@KHTN,21146040,Ly Nhut,Hai,1,05/20/2002,75304018802,22CLC6
21146041,hang803@KHTN,21146041,Ngo Uyen,Hang,1,01/18/2001,75304018803,22CLC6
21146044,hue804@KHTN,21146044,Nguyen Thi Thanh,Hue,1,03/07/2001,75304018804,22CLC6
21146045,hung805@KHTN,21146045,Pham Thi Ngoc,Hung,0,11/17/2002,75304018805,22CLC6
21146048,huyen806@KHTN,21146048,Nguyen Thi Thanh,Huyen,0,12/07/2002,75304018806,22CLC6
21146049,khoa807@KHTN,21146049,Dinh Anh,Khoa,0,08/04/2001,75304018807,22CLC6
21146050,khue808@KHTN,21146050,Pham Lan Gia,Khue,1,08/14/2001,75304018808,22CLC6
21146051,ky809@KHTN,21146051,Phan Dang Hieu,Ky,1,02/09/2003,75304018809,22CLC6
21146052,lan810@KHTN,21146052,Nguyen Thi Tuyet,Lan,0,03/09/2001,75304018810,22CLC6
21146053,linh811@KHTN,21146053,Nguyen Khanh,Linh,1,09/03/2001,75304018811,22CLC6
21146054,linh812@KHTN,21146054,Nguyen Khanh,Linh,0,08/01/2001,75304018812,22CLC6
21146055,linh813@KHTN,21146055,Nguyen Phuc Giao,Linh,1,04/12/2002,75304018813,22CLC7
21146056,linh814@KHTN,21146056,Tran Vo Truc,Linh,1,04/05/2001,75304018814,22CLC7
21146057,long815@KHTN,21146057,Tran Nhat Minh,Long,0,02/13/2002,75304018815,22CLC7
21146060,nam816@KHTN,21146060,Nguyen Thanh,Nam,1,09/19/2001,75304018816,22CLC7
21146061,ngan817@KHTN,21146061,Thai Ngoc Minh,Ngan,0,08/15/2002,75304018817,22CLC7
21146062,ngoc818@KHTN,21146062,Tran Bao,Ngoc,1,10/16/2003,75304018818,22CLC7
21146063,nguyen819@KHTN,21146063,Tran Hanh,Nguyen,1,10/25/2002,75304018819,22CLC7
21170016,giang820@KHTN,21170016,Do Nguyen Huong,Giang,0,06/23/2001,75304018820,22CLC7
21170048,thu821@KHTN,21170048,Pham Nguyen Anh,Thu,0,03/25/2002,75304018821,22CLC7
21170057,kha822@KHTN,21170057,Huynh Le Minh,Kha,0,09/03/2001,75304018822,22CLC7
21170058,nguyen823@KHTN,21170058,Nguyen Duc,Nguyen,0,02/08/2001,75304018823,22CLC7
21170059,an824@KHTN,21170059,Le Vo Hoang Thanh,An,0,10/18/2001,75304018824,22CLC7
21170061,anh825@KHTN,21170061,Nguy Van,Anh,1,01/23/2002,75304018825,22CLC7
21170062,anh826@KHTN,21170062,Nguyen Thi Lan,Anh,1,04/11/2002,75304018826,22CLC7
21170063,anh827@KHTN,21170063,Tran Thi Phuong,Anh,0,11/25/2002,75304018827,22CLC7
21170065,anh828@KHTN,21170065,Vo Quang,Anh,1,10/09/2003,75304018828,22CLC7
21170066,anh829@KHTN,21170066,Vu Que,Anh,1,06/20/2003,75304018829,22CLC7
21170067,bao830@KHTN,21170067,Nguyen Ngoc Hoai,Bao,1,03/18/2001,75304018830,22CLC7
21170069,chien831@KHTN,21170069,Le Minh,Chien,1,08/15/2001,75304018831,22CLC7
21170071,dang832@KHTN,21170071,Tran Anh Hai,Dang,0,04/23/2001,75304018832,22CLC7
21170074,dung833@KHTN,21170074,Pham Tuan,Dung,0,03/02/2001,75304018833,22CLC7
21170075,duong834@KHTN,21170075,Nguyen Thi Anh,Duong,1,10/24/2002,75304018834,22CLC7
21170076,duong835@KHTN,21170076,Tran Bach,Duong,0,08/03/2001,75304018835,22CLC7
21170078,duy836@KHTN,21170078,Ngo Vien Hoang,Duy,0,12/28/2002,75304018836,22CLC7
21170079,duy837@KHTN,21170079,Nguyen Duc,Duy,0,02/23/2001,75304018837,22CLC7
21170080,duy838@KHTN,21170080,Nguyen Thanh,Duy,0,08/02/2002,75304018838,22CLC7
21170081,duyen839@KHTN,21170081,Nguyen Thi My,Duyen,1,03/13/2003,75304018839,22CLC7
21170083,gia840@KHTN,21170083,Pham Hoang Phu,Gia,1,03/14/2003,75304018840,22CLC7
21170084,giang841@KHTN,21170084,Duong Thi Tra,Giang,1,11/25/2002,75304018841,22CLC7
21170085,han842@KHTN,21170085,Doan Thi Ngoc,Han,1,09/18/2002,75304018842,22CLC7
21170087,han843@KHTN,21170087,Ngo Vo Hong,Han,0,10/11/2002,75304018843,22CLC7
21170090,hao844@KHTN,21170090,Nguyen Anh,Hao,0,04/27/2002,75304018844,22CLC7
21170091,hau845@KHTN,21170091,Doan Cao Trung,Hau,1,11/15/2001,75304018845,22CLC7
21170094,hien846@KHTN,21170094,Ly Thi,Hien,0,12/19/2002,75304018846,22CLC7
21170095,hieu847@KHTN,21170095,Nguyen Nhu,Hieu,1,10/01/2002,75304018847,22CLC7
21170096,hoa848@KHTN,21170096,Tran Thi,Hoa,1,01/20/2002,75304018848,22CLC7
21170097,hoa849@KHTN,21170097,Tran Vu Mai,Hoa,1,06/20/2002,75304018849,22CLC7
21170098,hoa850@KHTN,21170098,Nguyen Thi An,Hoa,1,04/03/2002,75304018850,22CLC7
21170099,hoan851@KHTN,21170099,Dang Xuan,Hoan,1,04/22/2003,75304018851,22CLC7
21170100,hung852@KHTN,21170100,Lam Quang,Hung,1,01/21/2001,75304018852,22CLC7
21170101,hung853@KHTN,21170101,Huynh Long,Hung,0,03/28/2003,75304018853,22CLC7
21170103,khanh854@KHTN,21170103,Nguyen Van,Khanh,0,01/01/2001,75304018854,22CLC7
21170104,khanh855@KHTN,21170104,Pham Le Cong,Khanh,1,10/01/2001,75304018855,22CLC7
21170106,khoi856@KHTN,21170106,Le Hoang,Khoi,1,10/23/2001,75304018856,22CLC7
21170107,khoi857@KHTN,21170107,Nguyen Minh,Khoi,1,06/24/2001,75304018857,22CLC7
21170108,khoi858@KHTN,21170108,Nguyen Ngoc Ha,Khoi,1,05/13/2003,75304018858,22CLC7
21170110,kim859@KHTN,21170110,Phan Ngoc,Kim,1,03/22/2002,75304018859,22CLC7
21170113,linh860@KHTN,21170113,Nguyen Ai,Linh,1,09/16/2001,75304018860,22CLC7
21170115,linh861@KHTN,21170115,Tran Thanh Truc,Linh,1,10/13/2003,75304018861,22CLC7
21170116,loc862@KHTN,21170116,Nguyen Nhi,Loc,1,06/13/2001,75304018862,22CLC7
21170117,loi863@KHTN,21170117,Lam Uy,Loi,0,06/14/2002,75304018863,22CLC8
21170119,long864@KHTN,21170119,Tran Bao,Long,1,10/18/2001,75304018864,22CLC8
21170120,mai865@KHTN,21170120,Nguyen Huynh Ngoc,Mai,1,06/24/2003,75304018865,22CLC8
21170121,mai866@KHTN,21170121,Nguyen Ngoc,Mai,0,11/02/2001,75304018866,22CLC8
21170127,my867@KHTN,21170127,Pham Thi Thanh,My,1,02/21/2001,75304018867,22CLC8
21170128,nam868@KHTN,21170128,Le Tan,Nam,1,05/16/2001,75304018868,22CLC8
21170129,nga869@KHTN,21170129,Nguyen Quynh,Nga,0,07/26/2002,75304018869,22CLC8
21170130,ngan870@KHTN,21170130,Le Vo Bao,Ngan,0,09/17/2001,75304018870,22CLC8
21170131,ngan871@KHTN,21170131,Luong Tai,Ngan,1,09/11/2001,75304018871,22CLC8
21170133,ngan872@KHTN,21170133,Nguyen Thi Kim,Ngan,0,06/16/2001,75304018872,22CLC8
21170134,ngan873@KHTN,21170134,Phuong Thi Thao,Ngan,1,09/10/2001,75304018873,22CLC8
21170135,nghi874@KHTN,21170135,Nguyen Do Phuong,Nghi,0,10/08/2001,75304018874,22CLC8
21170136,ngoc875@KHTN,21170136,Le Hong,Ngoc,1,07/08/2003,75304018875,22CLC8
21170138,ngoc876@KHTN,21170138,Nguyen Dang Phuong,Ngoc,1,02/08/2003,75304018876,22CLC8
21170139,ngoc877@KHTN,21170139,Ong Thuy,Ngoc,0,01/19/2002,75304018877,22CLC8
21170140,ngoc878@KHTN,21170140,Tao My,Ngoc,1,05/10/2003,75304018878,22CLC8
21170141,nguyen879@KHTN,21170141,Pham Vo Nhu,Nguyen,1,07/16/2003,75304018879,22CLC8
21170142,nhan880@KHTN,21170142,Huynh Thanh,Nhan,1,05/04/2001,75304018880,22CLC8
21170143,nhan881@KHTN,21170143,Truong Nguyen Thanh,Nhan,0,10/18/2001,75304018881,22CLC8
21170144,nhi882@KHTN,21170144,Chau Man,Nhi,1,07/07/2002,75304018882,22CLC8
21170145,nhi883@KHTN,21170145,Doan Thi Tuyet,Nhi,1,02/18/2001,75304018883,22CLC8
21170146,nhi884@KHTN,21170146,Luong Ngoc Lan,Nhi,1,09/11/2001,75304018884,22CLC8
21170149,nhi885@KHTN,21170149,Vo Le Van,Nhi,1,09/17/2002,75304018885,22CLC8
21170150,nhu886@KHTN,21170150,Tran Huynh,Nhu,0,04/04/2002,75304018886,22CLC8
21170155,quang887@KHTN,21170155,Le Minh,Quang,1,02/01/2003,75304018887,22CLC8
21170156,quang888@KHTN,21170156,Do Dang,Quang,0,11/17/2001,75304018888,22CLC8
21170157,quy889@KHTN,21170157,Dang Thi Kim,Quy,1,03/13/2003,75304018889,22CLC8
21170159,quyen890@KHTN,21170159,Truong Thi Truc,Quyen,1,03/20/2002,75304018890,22CLC8
21170161,quynh891@KHTN,21170161,Huynh Ngoc Diem,Quynh,0,03/05/2002,75304018891,22CLC8
21170162,tan892@KHTN,21170162,Nguyen Quoc Khanh,Tan,0,11/08/2003,75304018892,22CLC8
21170163,thang893@KHTN,21170163,Le Quang,Thang,0,09/26/2001,75304018893,22CLC8
21170164,thanh894@KHTN,21170164,Vo Thi Nhat,Thanh,1,02/15/2001,75304018894,22CLC8
21170166,thien895@KHTN,21170166,Nguyen Van,Thien,0,06/26/2002,75304018895,22CLC8
21170167,thu896@KHTN,21170167,Huynh Le Anh,Thu,1,05/16/2003,75304018896,22CLC8
21170168,thu897@KHTN,21170168,Nguyen Minh,Thu,0,04/17/2001,75304018897,22CLC8
21170169,thu898@KHTN,21170169,Vo Thi Kim,Thu,0,01/23/2003,75304018898,22CLC8
21170171,thuy899@KHTN,21170171,Tran Thanh,Thuy,1,11/04/2001,75304018899,22CLC8
21170172,thuy900@KHTN,21170172,Ly Thanh,Thuy,0,06/04/2001,75304018900,22CLC8
21170173,toan901@KHTN,21170173,Le Bao,Toan,1,11/14/2003,75304018901,22CLC8
21170174,tram902@KHTN,21170174,Pham Le Mai,Tram,1,07/19/2002,75304018902,22CLC8
21170176,tran903@KHTN,21170176,Tran Thao Bao,Tran,1,08/04/2001,75304018903,22CLC8
21170177,tran904@KHTN,21170177,Tran Van My,Tran,0,04/21/2003,75304018904,22CLC8
21170178,trang905@KHTN,21170178,Nguyen Thi Thuy,Trang,1,07/14/2001,75304018905,22CLC8
21170179,tri906@KHTN,21170179,Nguyen Le Minh,Tri,0,01/09/2002,75304018906,22CLC8
21170183,tuan907@KHTN,21170183,Nguyen Quang,Tuan,0,06/03/2003,75304018907,22CLC8
21170184,tung908@KHTN,21170184,Mai Quoc,Tung,0,01/04/2002,75304018908,22CLC8
21170185,tuyen909@KHTN,21170185,Lam Boi,Tuyen,1,03/20/2003,75304018909,22CLC8
21170186,tuyen910@KHTN,21170186,Luong Ngoc,Tuyen,0,08/27/2003,75304018910,22CLC8
21170187,tuyen911@KHTN,21170187,Tran Ngoc Thanh,Tuyen,0,02/16/2002,75304018911,22CLC8
21170188,tuyet912@KHTN,21170188,Nguyen Thi Anh,Tuyet,0,08/04/2001,75304018912,22CLC8
21170189,uyen913@KHTN,21170189,Mai Hoang Hai,Uyen,1,05/15/2003,75304018913,22CLC9
21170190,uyen914@KHTN,21170190,Nguyen Thi Phuong,Uyen,0,01/10/2003,75304018914,22CLC9
21170191,uyen915@KHTN,21170191,Nguyen Tram Vu,Uyen,1,02/26/2002,75304018915,22CLC9
21170193,viet916@KHTN,21170193,Thai,Viet,0,05/11/2002,75304018916,22CLC9
21170194,vinh917@KHTN,21170194,Tran Kien,Vinh,1,07/28/2001,75304018917,22CLC9
21170195,vinh918@KHTN,21170195,Vo Quang,Vinh,1,04/21/2003,75304018918,22CLC9
21170197,vy919@KHTN,21170197,Le Tuyet,Vy,0,02/09/2001,75304018919,22CLC9
21170198,vy920@KHTN,21170198,Pham Khanh,Vy,0,03/10/2002,75304018920,22CLC9
21170199,vy921@KHTN,21170199,Van Tuong,Vy,1,07/19/2002,75304018921,22CLC9
21170200,y922@KHTN,21170200,Pham Thi Kim,Y,1,05/22/2001,75304018922,22CLC9
21170201,huy923@KHTN,21170201,Doan Quoc,Huy,1,07/04/2001,75304018923,22CLC9
21170202,khang924@KHTN,21170202,Nguyen Duong,Khang,0,06/26/2003,75304018924,22CLC9
21177004,chuong925@KHTN,21177004,Le Hoang,Chuong,1,12/28/2001,75304018925,22CLC9
21177008,hung926@KHTN,21177008,Tran Phuc,Hung,0,05/17/2002,75304018926,22CLC9
21177010,khue927@KHTN,21177010,Le Nguyen Anh,Khue,1,06/03/2001,75304018927,22CLC9
21177022,vy928@KHTN,21177022,Nguyen Gia,Vy,1,11/12/2001,75304018928,22CLC9
21177024,anh929@KHTN,21177024,Le Thi Hong,Anh,1,10/24/2003,75304018929,22CLC9
21177026,diep930@KHTN,21177026,Phan Nguyen Ngoc,Diep,0,04/12/2003,75304018930,22CLC9
21177032,nghi931@KHTN,21177032,Van Thanh,Nghi,0,05/08/2003,75304018931,22CLC9
21177034,phong932@KHTN,21177034,Luu Tan,Phong,0,03/20/2003,75304018932,22CLC9
21177035,quynh933@KHTN,21177035,Le Tan Bao,Quynh,1,07/21/2001,75304018933,22CLC9
21177036,thanh934@KHTN,21177036,Nguyen Ngoc Trang,Thanh,0,06/15/2001,75304018934,22CLC9
21177037,tram935@KHTN,21177037,Nguyen Ngoc,Tram,0,02/25/2002,75304018935,22CLC9
21177039,han936@KHTN,21177039,Nguyen Ngoc,Han,0,06/17/2003,75304018936,22CLC9
21177040,man937@KHTN,21177040,Tran Trieu,Man,0,09/09/2003,75304018937,22CLC9
21180006,an938@KHTN,21180006,Nguyen Huu,An,1,05/15/2001,75304018938,22CLC9
21180012,anh939@KHTN,21180012,Tran Thi Kim,Anh,1,06/18/2003,75304018939,22CLC9
21180013,anh940@KHTN,21180013,Vu Thi Phuong,Anh,1,11/20/2003,75304018940,22CLC9
21180014,bao941@KHTN,21180014,Vo Hoang Gia,Bao,1,01/08/2001,75304018941,22CLC9
21180015,binh942@KHTN,21180015,Nguyen Thi Thuy,Binh,0,01/14/2001,75304018942,22CLC9
21180020,dac943@KHTN,21180020,Nguyen Than,Dac,1,08/23/2001,75304018943,22CLC9
21180023,dung944@KHTN,21180023,Tran Ngoc Kim,Dung,1,01/11/2003,75304018944,22CLC9
21180024,duong945@KHTN,21180024,Do Vu Anh,Duong,0,09/13/2001,75304018945,22CLC9
21180027,duyen946@KHTN,21180027,Pham Thi My,Duyen,1,03/08/2001,75304018946,22CLC9
21180028,duyen947@KHTN,21180028,Tran Thi My,Duyen,0,02/10/2001,75304018947,22CLC9
21180029,ghi948@KHTN,21180029,Le Kha,Ghi,1,06/16/2001,75304018948,22CLC9
21180034,han949@KHTN,21180034,Nguyen Ngoc Quynh,Han,1,08/27/2002,75304018949,22CLC9
21180038,hang950@KHTN,21180038,Tran Thu,Hang,0,08/19/2002,75304018950,22CLC9
21180043,hoang951@KHTN,21180043,Pham Huy,Hoang,1,09/24/2002,75304018951,22CLC9
21180046,huy952@KHTN,21180046,Nguyen Khanh,Huy,1,12/26/2002,75304018952,22CLC9
21180047,huyen953@KHTN,21180047,Nguyen Thu,Huyen,0,11/17/2001,75304018953,22CLC9
21180050,khanh954@KHTN,21180050,Mai Hoang,Khanh,0,03/24/2003,75304018954,22CLC9
21180051,khanh955@KHTN,21180051,Nguyen Phuong,Khanh,0,02/15/2001,75304018955,22CLC9
21180057,linh956@KHTN,21180057,Huynh Ngoc,Linh,0,12/11/2001,75304018956,22CLC9
21180059,linh957@KHTN,21180059,Nguyen Le Giang,Linh,0,10/02/2002,75304018957,22CLC9
21180065,nga958@KHTN,21180065,Ho Thi Phuong,Nga,1,02/21/2002,75304018958,22CLC9
21180067,ngan959@KHTN,21180067,Le Thanh,Ngan,0,04/18/2001,75304018959,22CLC9
21180068,ngan960@KHTN,21180068,Nguyen Vu Kim,Ngan,1,01/09/2001,75304018960,22CLC9
21180069,ngan961@KHTN,21180069,Pham Hoang Duy,Ngan,1,01/15/2003,75304018961,22CLC9
21180071,nghi962@KHTN,21180071,Nguyen Truong Le,Nghi,1,01/26/2001,75304018962,22CLC9
21180077,nhan963@KHTN,21180077,Le Hung Thien,Nhan,0,05/14/2001,75304018963,22CLC9
21180079,nhi964@KHTN,21180079,Au Ngoc Yen,Nhi,1,06/25/2001,75304018964,22CLC9
21180080,nhi965@KHTN,21180080,Doan Ngoc Yen,Nhi,1,10/26/2002,75304018965,22CLC10
21180081,nhi966@KHTN,21180081,Hoang Le Uyen,Nhi,1,09/25/2002,75304018966,22CLC10
21180084,nhi967@KHTN,21180084,Nguyen Hoang Minh,Nhi,0,02/14/2002,75304018967,22CLC10
21180091,phu968@KHTN,21180091,Le Thinh,Phu,1,01/22/2001,75304018968,22CLC10
21180093,phuong969@KHTN,21180093,Nguyen Bich,Phuong,1,06/24/2001,75304018969,22CLC10
21180096,thuy970@KHTN,21180096,Nguyen Ngoc Phuong,Thuy,1,06/22/2001,75304018970,22CLC10
21180100,quynh971@KHTN,21180100,Nguyen Nhu,Quynh,1,10/18/2002,75304018971,22CLC10
21180104,tam972@KHTN,21180104,Nguyen Thi Thanh,Tam,0,03/13/2002,75304018972,22CLC10
21180107,tan973@KHTN,21180107,Dang Luong,Tan,0,01/10/2002,75304018973,22CLC10
21180110,thang974@KHTN,21180110,Tran Quoc,Thang,0,12/04/2003,75304018974,22CLC10
21180111,thanh975@KHTN,21180111,Pham Huynh Phuong,Thanh,1,11/11/2003,75304018975,22CLC10
21180113,minh976@KHTN,21180113,Nguyen Thi Thao,Minh,0,02/16/2001,75304018976,22CLC10
21180115,thi977@KHTN,21180115,Tran Xuan Khanh,Thi,0,01/19/2001,75304018977,22CLC10
21180116,thu978@KHTN,21180116,Duong Yen,Thu,0,10/08/2003,75304018978,22CLC10
21180120,thuan979@KHTN,21180120,Nguyen Tan,Thuan,0,04/17/2002,75304018979,22CLC10
21180121,thuong980@KHTN,21180121,Pham Hoai,Thuong,0,12/19/2001,75304018980,22CLC10
21180123,thy981@KHTN,21180123,Nguyen Khanh,Thy,0,01/15/2002,75304018981,22CLC10
21180128,tinh982@KHTN,21180128,Pham Trong,Tinh,0,04/17/2003,75304018982,22CLC10
21180129,lam983@KHTN,21180129,Nguyen To,Lam,0,10/10/2003,75304018983,22CLC10
21180135,trang984@KHTN,21180135,Tran Huyen,Trang,0,04/07/2003,75304018984,22CLC10
21180136,trieu985@KHTN,21180136,Nguyen Phan Thuy,Trieu,0,05/09/2001,75304018985,22CLC10
21180139,truc986@KHTN,21180139,Cao Thanh,Truc,0,05/27/2003,75304018986,22CLC10
21180143,vy987@KHTN,21180143,Nguyen Ngoc Thao,Vy,1,02/11/2003,75304018987,22CLC10
21180145,vy988@KHTN,21180145,Nguyen Tran Tuong,Vy,0,06/12/2001,75304018988,22CLC10
21180146,vy989@KHTN,21180146,Quach Trieu,Vy,1,03/21/2002,75304018989,22CLC10
21180148,ngan990@KHTN,21180148,Nguyen Hong,Ngan,0,04/09/2002,75304018990,22CLC10
21180150,anh991@KHTN,21180150,Ngo Minh,Anh,0,08/15/2001,75304018991,22CLC10
21180151,anh992@KHTN,21180151,Pham Le Van,Anh,1,08/02/2002,75304018992,22CLC10
21180162,dung993@KHTN,21180162,Pham Dang Phuong,Dung,1,09/05/2001,75304018993,22CLC10
21180163,duy994@KHTN,21180163,Dang Tran,Duy,0,10/13/2001,75304018994,22CLC10
21180164,duy995@KHTN,21180164,Nguyen Phuc Thien,Duy,0,12/19/2001,75304018995,22CLC10
21180168,hai996@KHTN,21180168,Ta Trung,Hai,0,06/23/2003,75304018996,22CLC10
21180170,hau997@KHTN,21180170,Nguyen Ngoc,Hau,1,01/07/2003,75304018997,22CLC10
21180173,hieu998@KHTN,21180173,Le Trung,Hieu,0,07/26/2002,75304018998,22CLC10
21180177,huy999@KHTN,21180177,Dang Pham Hoang,Huy,1,03/01/2003,75304018999,22CLC10
21180184,khoa000@KHTN,21180184,Le Van Minh,Khoa,0,04/04/2003,75304019000,22CLC10
21180185,khoi001@KHTN,21180185,Nguyen Dang,Khoi,1,04/01/2002,75304019001,22CLC10
21180186,khue002@KHTN,21180186,Tran Ngo Minh,Khue,1,05/02/2002,75304019002,22CLC10
21180190,linh003@KHTN,21180190,Nguyen Khanh,Linh,1,06/26/2003,75304019003,22CLC10
21180192,long004@KHTN,21180192,Nguyen Duc,Long,1,01/13/2001,75304019004,22CLC10
21180195,ngan005@KHTN,21180195,Truong Phuc Thoai,Ngan,1,12/24/2002,75304019005,22CLC10
21180197,ngu006@KHTN,21180197,Nguyen Khac,Ngu,1,02/11/2003,75304019006,22CLC10
21180199,nhat007@KHTN,21180199,Nguyen Hoang,Nhat,1,04/12/2003,75304019007,22CLC10
21180203,phan008@KHTN,21180203,Vu Nguyen Ngoc,Phan,0,07/19/2002,75304019008,22CLC10
21180206,quang009@KHTN,21180206,Nguyen Nhat,Quang,1,03/11/2002,75304019009,22CLC10
21180219,thu010@KHTN,21180219,Vu Ngoc Anh,Thu,1,06/28/2001,75304019010,22CLC10
21180228,triet011@KHTN,21180228,Le Minh,Triet,0,08/16/2002,75304019011,22CLC10
21180233,tu012@KHTN,21180233,Do Thi Minh,Tu,1,02/03/2002,75304019012,22CLC10
21180238,uyen013@KHTN,21180238,Vo Hoang Phuong,Uyen,0,03/24/2002,75304019013,22CLC10
21180239,van014@KHTN,21180239,Tran Bach,Van,0,01/27/2003,75304019014,22CLC10
21180240,vu015@KHTN,21180240,Pham Quang,Vu,1,11/13/2001,75304019015,22CLC10
21180241,vy016@KHTN,21180241,Le Ngoc Yen,Vy,1,01/23/2002,75304019016,22CLC10
21180245,yen017@KHTN,21180245,Huynh Nguyen Song,Yen,1,08/22/2001,75304019017,22CLC10
21180248,dung018@KHTN,21180248,Le Quang,Dung,1,10/01/2002,75304019018,22CLC10
21180249,hau019@KHTN,21180249,Phan Trung,Hau,0,10/11/2003,75304019019,22CLC10
21180251,thinh020@KHTN,21180251,Nguyen An,Thinh,0,11/05/2002,75304019020,22CLC10
21180253,truong021@KHTN,21180253,Vang Phi,Truong,0,09/25/2003,75304019021,22CLC10
21180255,tuong022@KHTN,21180255,Tran Le Cat,Tuong,0,10/18/2002,75304019022,22CLC10
21180256,yen023@KHTN,21180256,Ta Ly Hong,Yen,0,12/09/2002,75304019023,22CLC10
21180257,ai024@KHTN,21180257,Nguyen Truong Minh,Ai,0,04/28/2003,75304019024,22CLC10
21180258,an025@KHTN,21180258,Huynh Quoc,An,1,03/13/2003,75304019025,22CLC10
21180259,an026@KHTN,21180259,Nguyen Thi Thuy,An,0,05/21/2003,75304019026,22CLC10
21180260,an027@KHTN,21180260,Nguyen Truong,An,1,07/08/2003,75304019027,22CLC10
21180261,an028@KHTN,21180261,Cao Hoang Thien,An,0,06/01/2003,75304019028,22CLC10
21180263,anh029@KHTN,21180263,Huynh Nguyen Bao,Anh,0,02/21/2002,75304019029,22CLC10
21180264,anh030@KHTN,21180264,Huynh Nhat,Anh,0,06/23/2002,75304019030,22CLC10
21180265,anh031@KHTN,21180265,Mai Hong,Anh,1,01/14/2001,75304019031,22CLC10
21180266,bao032@KHTN,21180266,Le Chieu,Bao,0,10/09/2002,75304019032,22CLC10
21180267,cong033@KHTN,21180267,Le Thanh,Cong,1,06/15/2001,75304019033,22CLC10
21180268,danh034@KHTN,21180268,Ly Thanh,Danh,1,09/28/2001,75304019034,22CLC10
21180269,dao035@KHTN,21180269,Nguyen Anh,Dao,0,08/25/2003,75304019035,22CLC10
21180270,dat036@KHTN,21180270,Nguyen Huynh Quoc,Dat,0,04/18/2002,75304019036,22CLC10
21180271,dat037@KHTN,21180271,Nguyen Tran Tien,Dat,0,07/02/2002,75304019037,22CLC10
21180272,do038@KHTN,21180272,Tran Van,Do,0,02/28/2001,75304019038,22CLC10
21180273,dung039@KHTN,21180273,Truong Tien,Dung,0,06/19/2003,75304019039,22CLC10
21180275,duong040@KHTN,21180275,Nguyen Thanh,Duong,1,07/02/2002,75304019040,22CLC10
21180276,duy041@KHTN,21180276,Le Nguyen Tuong,Duy,0,02/10/2003,75304019041,22CLC10
21180277,duyen042@KHTN,21180277,Le Thi Thuy,Duyen,1,09/04/2002,75304019042,22CLC10
21180278,giang043@KHTN,21180278,Huynh Thi Kim,Giang,0,11/15/2003,75304019043,22CLC10
21180279,giang044@KHTN,21180279,Vo Truong,Giang,0,09/24/2001,75304019044,22CLC10
21180280,ha045@KHTN,21180280,Vu Lan,Ha,0,08/08/2001,75304019045,22CLC10
21180281,ha046@KHTN,21180281,Nguyen Doan Nhat,Ha,0,11/15/2003,75304019046,22CLC10
21180282,hai047@KHTN,21180282,Ly Tien,Hai,1,02/01/2002,75304019047,22CLC10
21180283,hai048@KHTN,21180283,Phung Minh,Hai,0,12/08/2003,75304019048,22CLC10
21180284,hang049@KHTN,21180284,Ha Thi,Hang,0,06/04/2001,75304019049,22CLC10
21180285,hanh050@KHTN,21180285,Tran Thi My,Hanh,1,02/12/2002,75304019050,22CLC10
21180286,hao051@KHTN,21180286,Le Tu Hoang,Hao,0,07/18/2001,75304019051,22CLC10
21180287,hau052@KHTN,21180287,Nguyen,Hau,1,11/22/2002,75304019052,22CLC10
21180288,hien053@KHTN,21180288,Nguyen Thi Thanh,Hien,0,07/14/2001,75304019053,22CLC10
21180289,hieu054@KHTN,21180289,Nguyen Phan Ngoc,Hieu,1,11/15/2001,75304019054,22CLC10
21180290,hieu055@KHTN,21180290,Huynh Ngoc Khanh,Hieu,0,10/10/2003,75304019055,22CLC10
21180291,hung056@KHTN,21180291,Nguyen Quang,Hung,0,02/05/2003,75304019056,22CLC10
21180292,huong057@KHTN,21180292,Nguyen Thao,Huong,1,01/19/2001,75304019057,22CLC10
21180293,huy058@KHTN,21180293,Le Phat,Huy,0,04/19/2003,75304019058,22CLC10
21180294,huy059@KHTN,21180294,Tran,Huy,0,09/05/2003,75304019059,22CLC10
21180295,huyen060@KHTN,21180295,Huynh Thi Mai,Huyen,0,02/28/2002,75304019060,22CLC10
21180296,huyen061@KHTN,21180296,Vo Ngoc Bich,Huyen,1,05/11/2002,75304019061,22CLC10